ID;Municipio;UF;Categoria;Orgao;Valor_R$;Data;Tipo_Despesa;Fonte_Recurso
1;Caxias do Sul;RS;Outras Despesas Correntes;Tribunal de Contas da União;23699142.41;2024-06-26;Restos a Pagar Pagos;Taxas e Multas
2;São Paulo;SP;Juros e Encargos da Dívida;Ministério da Agricultura;7702621.0;2024-10-19;Despesa Liquidada;Contribuições Sociais
3;São José dos Campos;SP;Juros e Encargos da Dívida;Ministério das Comunicações;9055713.68;2024-10-01;Restos a Pagar Pagos;Fundo de Participação
4;São Bernardo do Campo;SP;Amortização da Dívida;Presidência da República;13192741.27;2024-03-03;Despesa Liquidada;Recursos Diretamente Arrecadados
5;Rio de Janeiro;RJ;Amortização da Dívida;Ministério da Fazenda;894817.73;2024-06-20;Despesa Empenhada;Doações
6;Anápolis;GO;Juros e Encargos da Dívida;Ministério da Justiça;356542.07;2024-03-16;Restos a Pagar Pagos;Contribuições Sociais
7;Plano Piloto;DF;Pessoal e Encargos Sociais;Ministério das Comunicações;5178044.4;2024-11-13;Despesa Paga;Doações
8;Gravataí;RS;Investimentos;Ministério das Comunicações;9145779.89;2024-10-18;Despesa Liquidada;Recursos Diretamente Arrecadados
9;Macapá;AP;Investimentos;Ministério das Comunicações;3214321.25;2024-06-11;Restos a Pagar Pagos;Doações
10;São José dos Campos;SP;Investimentos;Ministério da Cultura;12668534.85;2024-02-18;Despesa Liquidada;Recursos Ordinários
11;Pacaraima;RR;Pessoal e Encargos Sociais;Ministério do Meio Ambiente;19547496.01;2024-08-08;Despesa Empenhada;Taxas e Multas
12;Manacapuru;AM;Investimentos;Senado Federal;9119590.48;2024-06-15;Restos a Pagar Pagos;Fundo de Participação
13;Floriano;PI;Pessoal e Encargos Sociais;Tribunal de Contas da União;13010545.51;2024-12-05;Despesa Liquidada;Recursos Ordinários
14;Paraíso do Tocantins;TO;Investimentos;Ministério do Meio Ambiente;14074439.68;2024-10-23;Despesa Empenhada;Recursos de Concessões
15;Maringá;PR;Amortização da Dívida;Ministério da Educação;19633226.49;2024-03-04;Restos a Pagar Pagos;Fundo de Participação
16;Caxias;MA;Amortização da Dívida;Ministério do Meio Ambiente;1144573.03;2024-07-11;Restos a Pagar Pagos;Contribuições Sociais
17;Arapiraca;AL;Investimentos;Ministério do Esporte;7032018.79;2024-12-02;Despesa Empenhada;Recursos Ordinários
18;Juazeiro do Norte;CE;Amortização da Dívida;Ministério do Desenvolvimento Social;4423666.73;2024-08-08;Despesa Paga;Contribuições Sociais
19;Osasco;SP;Outras Despesas Correntes;Presidência da República;2658802.97;2024-09-03;Despesa Paga;Doações
20;Criciúma;SC;Pessoal e Encargos Sociais;Ministério dos Transportes;16541701.62;2024-11-23;Despesa Liquidada;Contribuições Sociais
21;Viamão;RS;Inversões Financeiras;Ministério do Meio Ambiente;774455.44;2024-11-24;Restos a Pagar Pagos;Fundo de Participação
22;Vitória da Conquista;BA;Juros e Encargos da Dívida;Ministério da Agricultura;5990935.97;2024-10-10;Restos a Pagar Pagos;Contribuições Sociais
23;Petrolina;PE;Investimentos;Ministério da Ciência e Tecnologia;13705820.44;2024-07-24;Restos a Pagar Pagos;Operações de Crédito
24;Betim;MG;Pessoal e Encargos Sociais;Tribunal de Contas da União;36366943.26;2024-04-02;Despesa Paga;Recursos Diretamente Arrecadados
25;Águas Lindas de Goiás;GO;Juros e Encargos da Dívida;Ministério da Cultura;3044595.33;2024-02-23;Despesa Empenhada;Recursos de Concessões
26;Maceió;AL;Juros e Encargos da Dívida;Presidência da República;9473801.93;2024-03-09;Restos a Pagar Pagos;Taxas e Multas
27;Montes Claros;MG;Outras Despesas Correntes;Ministério do Desenvolvimento Social;15481932.89;2024-08-15;Despesa Empenhada;Fundo de Participação
28;Caxias;MA;Juros e Encargos da Dívida;Ministério da Agricultura;8779757.36;2024-01-10;Despesa Empenhada;Operações de Crédito
29;Pelotas;RS;Pessoal e Encargos Sociais;Controladoria-Geral da União;19262656.7;2024-03-01;Despesa Paga;Taxas e Multas
30;Manacapuru;AM;Juros e Encargos da Dívida;Ministério da Fazenda;341811.34;2024-04-16;Despesa Empenhada;Fundo de Participação
31;Cabo de Santo Agostinho;PE;Outras Despesas Correntes;Ministério da Agricultura;5813130.42;2024-09-25;Despesa Liquidada;Recursos Ordinários
32;Oiapoque;AP;Juros e Encargos da Dívida;Ministério da Agricultura;2352083.32;2024-03-10;Despesa Empenhada;Recursos de Concessões
33;Ariquemes;RO;Amortização da Dívida;Ministério do Trabalho;9198201.08;2024-02-23;Restos a Pagar Pagos;Operações de Crédito
34;Paço do Lumiar;MA;Outras Despesas Correntes;Ministério do Desenvolvimento Social;20844503.99;2024-01-22;Despesa Empenhada;Fundo de Participação
35;Viamão;RS;Outras Despesas Correntes;Ministério do Desenvolvimento Social;26417816.58;2024-07-14;Despesa Empenhada;Taxas e Multas
36;Corumbá;MS;Outras Despesas Correntes;Ministério da Cultura;8552944.36;2024-07-12;Despesa Empenhada;Taxas e Multas
37;São Gonçalo do Amarante;RN;Amortização da Dívida;Ministério do Meio Ambiente;8987238.06;2024-12-06;Despesa Empenhada;Taxas e Multas
38;Parintins;AM;Outras Despesas Correntes;Ministério do Desenvolvimento Social;19316155.81;2024-07-22;Despesa Paga;Recursos Ordinários
39;Ponta Grossa;PR;Investimentos;Ministério da Saúde;1584517.66;2024-07-02;Despesa Empenhada;Contribuições Sociais
40;São Gonçalo;RJ;Outras Despesas Correntes;Ministério do Meio Ambiente;26525222.82;2024-11-11;Despesa Paga;Operações de Crédito
41;Petrolina;PE;Pessoal e Encargos Sociais;Ministério das Comunicações;40960603.3;2024-05-10;Despesa Paga;Fundo de Participação
42;Palmeira dos Índios;AL;Juros e Encargos da Dívida;Ministério da Defesa;5990847.55;2024-11-28;Despesa Liquidada;Recursos Diretamente Arrecadados
43;Caracaraí;RR;Investimentos;Ministério da Educação;4987217.27;2024-03-02;Despesa Paga;Recursos Diretamente Arrecadados
44;Campos dos Goytacazes;RJ;Inversões Financeiras;Ministério da Saúde;4065085.58;2024-10-13;Despesa Liquidada;Recursos Ordinários
45;Fortaleza;CE;Outras Despesas Correntes;Ministério do Esporte;5434074.1;2024-03-26;Despesa Paga;Doações
46;Gurupi;TO;Pessoal e Encargos Sociais;Ministério da Fazenda;24700288.31;2024-01-16;Despesa Empenhada;Taxas e Multas
47;Vilhena;RO;Amortização da Dívida;Ministério das Comunicações;5269405.53;2024-06-18;Despesa Paga;Operações de Crédito
48;Juazeiro;BA;Investimentos;Ministério das Comunicações;14017013.49;2024-09-09;Despesa Empenhada;Doações
49;Três Lagoas;MS;Pessoal e Encargos Sociais;Ministério da Agricultura;20983598.45;2024-02-24;Despesa Liquidada;Recursos de Concessões
50;Rio Verde;GO;Inversões Financeiras;Ministério da Fazenda;3063622.33;2024-02-03;Despesa Paga;Recursos Diretamente Arrecadados
51;Jaraguá do Sul;SC;Amortização da Dívida;Ministério da Ciência e Tecnologia;12279869.52;2024-02-19;Despesa Empenhada;Fundo de Participação
52;Goiânia;GO;Inversões Financeiras;Presidência da República;1274035.69;2024-11-07;Despesa Paga;Operações de Crédito
53;Tangará da Serra;MT;Investimentos;Ministério da Educação;14887669.07;2024-11-05;Despesa Liquidada;Taxas e Multas
54;Belém;PA;Pessoal e Encargos Sociais;Controladoria-Geral da União;28382915.12;2024-10-21;Despesa Liquidada;Fundo de Participação
55;Aracaju;SE;Amortização da Dívida;Presidência da República;9900838.63;2024-03-20;Despesa Liquidada;Doações
56;Ananindeua;PA;Outras Despesas Correntes;Ministério da Fazenda;7584033.97;2024-11-03;Despesa Liquidada;Doações
57;Lauro de Freitas;BA;Outras Despesas Correntes;Ministério da Ciência e Tecnologia;29427084.01;2024-04-19;Restos a Pagar Pagos;Taxas e Multas
58;Ribeirão Preto;SP;Juros e Encargos da Dívida;Ministério da Educação;334634.68;2024-02-02;Despesa Liquidada;Contribuições Sociais
59;Belo Horizonte;MG;Investimentos;Ministério dos Transportes;12255975.73;2024-12-07;Despesa Empenhada;Recursos Ordinários
60;Coari;AM;Investimentos;Ministério dos Transportes;11289062.96;2024-11-09;Restos a Pagar Pagos;Taxas e Multas
61;Ji-Paraná;RO;Juros e Encargos da Dívida;Presidência da República;3207340.52;2024-04-19;Despesa Paga;Recursos de Concessões
62;Ponta Grossa;PR;Outras Despesas Correntes;Ministério da Cultura;4629902.68;2024-09-20;Despesa Empenhada;Recursos Ordinários
63;Duque de Caxias;RJ;Pessoal e Encargos Sociais;Controladoria-Geral da União;41194398.68;2024-06-17;Restos a Pagar Pagos;Fundo de Participação
64;Floriano;PI;Juros e Encargos da Dívida;Ministério das Comunicações;9961775.26;2024-08-12;Despesa Liquidada;Recursos de Concessões
65;Parauapebas;PA;Inversões Financeiras;Ministério da Agricultura;3700484.17;2024-04-15;Despesa Paga;Fundo de Participação
66;Nossa Senhora do Socorro;SE;Outras Despesas Correntes;Ministério do Esporte;2786573.99;2024-04-12;Restos a Pagar Pagos;Doações
67;Itacoatiara;AM;Investimentos;Ministério da Defesa;14235673.57;2024-06-20;Despesa Paga;Contribuições Sociais
68;Novo Hamburgo;RS;Pessoal e Encargos Sociais;Ministério da Cultura;25340244.22;2024-12-05;Despesa Liquidada;Fundo de Participação
69;Gravataí;RS;Inversões Financeiras;Ministério dos Transportes;1806442.64;2024-08-15;Restos a Pagar Pagos;Recursos Ordinários
70;Londrina;PR;Amortização da Dívida;Presidência da República;3067975.4;2024-02-25;Despesa Empenhada;Contribuições Sociais
71;Taguatinga;DF;Investimentos;Senado Federal;11410163.39;2024-08-22;Despesa Paga;Operações de Crédito
72;Paraíso do Tocantins;TO;Investimentos;Ministério da Saúde;8387770.53;2024-04-04;Despesa Empenhada;Operações de Crédito
73;Betim;MG;Investimentos;Ministério do Esporte;2280803.24;2024-07-06;Restos a Pagar Pagos;Taxas e Multas
74;Joinville;SC;Inversões Financeiras;Ministério da Justiça;4520321.58;2024-08-28;Despesa Empenhada;Recursos de Concessões
75;Nova Iguaçu;RJ;Inversões Financeiras;Ministério da Defesa;1414772.05;2024-08-13;Restos a Pagar Pagos;Recursos Ordinários
76;Bayeux;PB;Amortização da Dívida;Tribunal de Contas da União;13901851.93;2024-10-26;Despesa Paga;Taxas e Multas
77;Macapá;AP;Juros e Encargos da Dívida;Ministério da Defesa;7834207.19;2024-11-02;Despesa Empenhada;Taxas e Multas
78;Natal;RN;Investimentos;Ministério do Meio Ambiente;7769758.14;2024-06-27;Despesa Paga;Fundo de Participação
79;São José de Ribamar;MA;Inversões Financeiras;Presidência da República;860855.19;2024-11-24;Restos a Pagar Pagos;Recursos de Concessões
80;Criciúma;SC;Investimentos;Ministério das Comunicações;6790743.53;2024-03-15;Despesa Liquidada;Fundo de Participação
81;Paulista;PE;Amortização da Dívida;Ministério do Meio Ambiente;13586135.4;2024-05-21;Restos a Pagar Pagos;Recursos Ordinários
82;Santo André;SP;Amortização da Dívida;Câmara dos Deputados;15013563.06;2024-12-26;Despesa Paga;Recursos Ordinários
83;Montes Claros;MG;Outras Despesas Correntes;Ministério da Ciência e Tecnologia;11247006.66;2024-07-02;Despesa Liquidada;Recursos de Concessões
84;Itajaí;SC;Pessoal e Encargos Sociais;Ministério da Educação;5889938.46;2024-03-06;Despesa Paga;Recursos de Concessões
85;Cascavel;PR;Amortização da Dívida;Ministério do Turismo;2369064.83;2024-11-08;Despesa Empenhada;Operações de Crédito
86;Várzea Grande;MT;Pessoal e Encargos Sociais;Ministério da Ciência e Tecnologia;10686331.73;2024-12-26;Despesa Empenhada;Contribuições Sociais
87;Brasília;DF;Outras Despesas Correntes;Ministério da Ciência e Tecnologia;23067015.91;2024-05-10;Despesa Paga;Contribuições Sociais
88;Gravataí;RS;Amortização da Dívida;Ministério dos Transportes;18390330.45;2024-09-18;Despesa Liquidada;Contribuições Sociais
89;Laranjal do Jari;AP;Investimentos;Ministério do Trabalho;11020239.8;2024-11-09;Restos a Pagar Pagos;Fundo de Participação
90;João Pessoa;PB;Amortização da Dívida;Câmara dos Deputados;902563.18;2024-06-05;Despesa Empenhada;Taxas e Multas
91;Niterói;RJ;Amortização da Dívida;Senado Federal;17059797.44;2024-09-15;Despesa Empenhada;Doações
92;Santo André;SP;Amortização da Dívida;Ministério da Defesa;13713072.98;2024-09-26;Despesa Paga;Recursos Ordinários
93;Vila Velha;ES;Outras Despesas Correntes;Ministério da Defesa;22940881.54;2024-05-15;Despesa Liquidada;Recursos Diretamente Arrecadados
94;Parauapebas;PA;Pessoal e Encargos Sociais;Ministério do Meio Ambiente;27306487.4;2024-11-27;Despesa Empenhada;Operações de Crédito
95;Santo André;SP;Inversões Financeiras;Ministério do Desenvolvimento Social;176974.76;2024-01-19;Restos a Pagar Pagos;Operações de Crédito
96;Plano Piloto;DF;Amortização da Dívida;Ministério da Defesa;10140525.13;2024-03-02;Despesa Liquidada;Fundo de Participação
97;Duque de Caxias;RJ;Outras Despesas Correntes;Ministério da Cultura;27494786.42;2024-02-13;Despesa Paga;Doações
98;Manacapuru;AM;Juros e Encargos da Dívida;Ministério da Fazenda;6594974.31;2024-01-25;Despesa Empenhada;Recursos Diretamente Arrecadados
99;Caruaru;PE;Amortização da Dívida;Câmara dos Deputados;11792764.15;2024-07-04;Restos a Pagar Pagos;Recursos de Concessões
100;Penedo;AL;Inversões Financeiras;Ministério dos Transportes;670958.29;2024-06-03;Despesa Liquidada;Operações de Crédito
101;Palmas;TO;Investimentos;Ministério da Educação;9502474.27;2024-11-03;Despesa Paga;Operações de Crédito
102;São José;SC;Inversões Financeiras;Ministério da Cultura;2585472.15;2024-11-02;Despesa Liquidada;Doações
103;Foz do Iguaçu;PR;Amortização da Dívida;Senado Federal;2552061.89;2024-08-15;Despesa Liquidada;Fundo de Participação
104;Porto Alegre;RS;Juros e Encargos da Dívida;Ministério da Educação;7472773.33;2024-09-17;Despesa Empenhada;Doações
105;Porto Nacional;TO;Outras Despesas Correntes;Ministério da Justiça;29280427.43;2024-10-18;Despesa Liquidada;Operações de Crédito
106;Santarém;PA;Pessoal e Encargos Sociais;Ministério da Cultura;25577224.91;2024-11-23;Restos a Pagar Pagos;Recursos Diretamente Arrecadados
107;Guarulhos;SP;Outras Despesas Correntes;Presidência da República;19420675.64;2024-01-03;Despesa Liquidada;Recursos de Concessões
108;Ribeirão das Neves;MG;Inversões Financeiras;Ministério da Educação;2624482.63;2024-02-27;Despesa Empenhada;Recursos Ordinários
109;Aparecida de Goiânia;GO;Amortização da Dívida;Ministério da Educação;1593319.18;2024-11-13;Despesa Paga;Recursos de Concessões
110;Brasília;DF;Pessoal e Encargos Sociais;Ministério do Meio Ambiente;20065538.11;2024-10-02;Despesa Empenhada;Taxas e Multas
111;Belo Horizonte;MG;Juros e Encargos da Dívida;Câmara dos Deputados;8744037.08;2024-02-17;Restos a Pagar Pagos;Operações de Crédito
112;Linhares;ES;Pessoal e Encargos Sociais;Ministério do Desenvolvimento Social;27527680.39;2024-11-06;Restos a Pagar Pagos;Fundo de Participação
113;Rio de Janeiro;RJ;Amortização da Dívida;Controladoria-Geral da União;2475140.84;2024-01-14;Despesa Paga;Doações
114;Taguatinga;DF;Juros e Encargos da Dívida;Ministério do Turismo;776033.96;2024-08-21;Despesa Paga;Doações
115;Uberaba;MG;Outras Despesas Correntes;Ministério da Educação;18611490.03;2024-11-20;Restos a Pagar Pagos;Fundo de Participação
116;São Gonçalo;RJ;Outras Despesas Correntes;Ministério da Ciência e Tecnologia;28519186.64;2024-10-17;Restos a Pagar Pagos;Recursos Ordinários
117;Parnaíba;PI;Amortização da Dívida;Senado Federal;11648230.86;2024-10-03;Restos a Pagar Pagos;Taxas e Multas
118;Santa Maria;RS;Amortização da Dívida;Ministério da Defesa;16705684.31;2024-02-07;Despesa Empenhada;Contribuições Sociais
119;Santo André;SP;Pessoal e Encargos Sociais;Senado Federal;24335878.98;2024-12-03;Despesa Liquidada;Doações
120;Codó;MA;Inversões Financeiras;Ministério da Cultura;4136679.23;2024-09-11;Despesa Empenhada;Recursos Diretamente Arrecadados
121;Lagarto;SE;Outras Despesas Correntes;Presidência da República;22026743.79;2024-09-10;Despesa Paga;Recursos de Concessões
122;São Bernardo do Campo;SP;Inversões Financeiras;Ministério do Turismo;1929726.44;2024-04-06;Restos a Pagar Pagos;Recursos Ordinários
123;Parintins;AM;Pessoal e Encargos Sociais;Ministério dos Transportes;9339106.9;2024-05-02;Despesa Empenhada;Recursos Diretamente Arrecadados
124;Tangará da Serra;MT;Juros e Encargos da Dívida;Ministério das Comunicações;8301969.85;2024-11-13;Restos a Pagar Pagos;Recursos de Concessões
125;Bayeux;PB;Inversões Financeiras;Ministério do Meio Ambiente;109440.67;2024-08-01;Despesa Paga;Taxas e Multas
126;Sorriso;MT;Amortização da Dívida;Ministério da Educação;1014264.22;2024-11-26;Restos a Pagar Pagos;Recursos Ordinários
127;Três Lagoas;MS;Outras Despesas Correntes;Ministério da Justiça;2927308.78;2024-05-15;Despesa Paga;Doações
128;Manacapuru;AM;Inversões Financeiras;Ministério da Agricultura;2036315.09;2024-01-10;Despesa Paga;Taxas e Multas
129;Várzea Grande;MT;Inversões Financeiras;Ministério do Trabalho;1835307.22;2024-04-15;Despesa Empenhada;Doações
130;Aracaju;SE;Investimentos;Senado Federal;9259100.48;2024-01-27;Despesa Liquidada;Taxas e Multas
131;Floriano;PI;Amortização da Dívida;Ministério dos Transportes;15447868.3;2024-10-02;Despesa Empenhada;Contribuições Sociais
132;Cabo de Santo Agostinho;PE;Outras Despesas Correntes;Ministério da Justiça;14555804.88;2024-06-09;Despesa Paga;Doações
133;Belo Horizonte;MG;Outras Despesas Correntes;Ministério do Desenvolvimento Social;18515838.35;2024-04-05;Restos a Pagar Pagos;Recursos de Concessões
134;Duque de Caxias;RJ;Juros e Encargos da Dívida;Tribunal de Contas da União;5378737.64;2024-11-03;Despesa Liquidada;Taxas e Multas
135;Olinda;PE;Inversões Financeiras;Ministério da Cultura;932557.29;2024-07-12;Despesa Liquidada;Fundo de Participação
136;Aracaju;SE;Outras Despesas Correntes;Ministério das Comunicações;27683937.0;2024-08-16;Despesa Empenhada;Recursos de Concessões
137;Salvador;BA;Pessoal e Encargos Sociais;Ministério dos Transportes;47082648.04;2024-08-04;Despesa Empenhada;Recursos Diretamente Arrecadados
138;Londrina;PR;Amortização da Dívida;Ministério da Justiça;1990469.56;2024-01-01;Despesa Liquidada;Recursos de Concessões
139;Florianópolis;SC;Amortização da Dívida;Ministério da Educação;4936661.37;2024-10-05;Despesa Paga;Recursos Ordinários
140;Caxias;MA;Investimentos;Ministério da Ciência e Tecnologia;11350870.34;2024-05-11;Despesa Paga;Recursos Ordinários
141;Porto Alegre;RS;Outras Despesas Correntes;Ministério da Defesa;7611923.24;2024-08-03;Despesa Paga;Recursos Ordinários
142;Bayeux;PB;Inversões Financeiras;Ministério da Fazenda;3874088.83;2024-09-28;Despesa Paga;Contribuições Sociais
143;Cabo de Santo Agostinho;PE;Outras Despesas Correntes;Câmara dos Deputados;24191549.96;2024-05-23;Despesa Paga;Recursos Diretamente Arrecadados
144;Petrolina;PE;Outras Despesas Correntes;Ministério dos Transportes;21918222.52;2024-10-21;Despesa Empenhada;Taxas e Multas
145;São Paulo;SP;Investimentos;Ministério do Trabalho;10509238.59;2024-11-11;Despesa Paga;Fundo de Participação
146;Cascavel;PR;Outras Despesas Correntes;Câmara dos Deputados;6038459.72;2024-02-28;Restos a Pagar Pagos;Taxas e Multas
147;Caruaru;PE;Pessoal e Encargos Sociais;Ministério do Trabalho;14133000.03;2024-03-20;Restos a Pagar Pagos;Recursos Ordinários
148;Maracanaú;CE;Amortização da Dívida;Ministério da Saúde;2722884.27;2024-06-26;Despesa Liquidada;Operações de Crédito
149;Lauro de Freitas;BA;Outras Despesas Correntes;Senado Federal;17481716.84;2024-11-16;Despesa Liquidada;Fundo de Participação
150;São Gonçalo do Amarante;RN;Inversões Financeiras;Ministério da Cultura;3932544.8;2024-09-20;Despesa Empenhada;Recursos de Concessões
151;Uberlândia;MG;Pessoal e Encargos Sociais;Ministério da Saúde;48935288.79;2024-08-22;Restos a Pagar Pagos;Recursos Diretamente Arrecadados
152;Campina Grande;PB;Juros e Encargos da Dívida;Ministério da Ciência e Tecnologia;8254366.81;2024-06-22;Despesa Empenhada;Doações
153;Vilhena;RO;Outras Despesas Correntes;Ministério dos Transportes;16951725.87;2024-10-02;Restos a Pagar Pagos;Contribuições Sociais
154;Macaíba;RN;Outras Despesas Correntes;Ministério da Cultura;12282438.81;2024-04-17;Despesa Empenhada;Contribuições Sociais
155;Petrolina;PE;Amortização da Dívida;Ministério da Justiça;19452683.19;2024-04-05;Despesa Paga;Fundo de Participação
156;Ariquemes;RO;Amortização da Dívida;Ministério da Saúde;335217.57;2024-04-13;Despesa Empenhada;Operações de Crédito
157;Timon;MA;Juros e Encargos da Dívida;Tribunal de Contas da União;3317990.39;2024-11-16;Restos a Pagar Pagos;Operações de Crédito
158;Rorainópolis;RR;Inversões Financeiras;Ministério do Meio Ambiente;4025491.75;2024-08-10;Despesa Paga;Recursos Diretamente Arrecadados
159;Paço do Lumiar;MA;Outras Despesas Correntes;Ministério da Cultura;7218533.33;2024-05-11;Despesa Paga;Recursos Ordinários
160;Tefé;AM;Inversões Financeiras;Ministério da Defesa;700486.57;2024-04-13;Despesa Liquidada;Taxas e Multas
161;Gravataí;RS;Pessoal e Encargos Sociais;Ministério do Turismo;18104959.79;2024-03-09;Despesa Paga;Taxas e Multas
162;Patos;PB;Investimentos;Controladoria-Geral da União;5393621.75;2024-10-08;Despesa Liquidada;Contribuições Sociais
163;Itajaí;SC;Inversões Financeiras;Ministério dos Transportes;70916.75;2024-08-28;Restos a Pagar Pagos;Recursos Ordinários
164;Mossoró;RN;Inversões Financeiras;Ministério da Educação;4455080.38;2024-03-02;Despesa Liquidada;Doações
165;Florianópolis;SC;Pessoal e Encargos Sociais;Ministério do Meio Ambiente;10384418.07;2024-06-05;Despesa Empenhada;Contribuições Sociais
166;Juazeiro do Norte;CE;Juros e Encargos da Dívida;Ministério da Educação;9467989.18;2024-05-16;Despesa Empenhada;Contribuições Sociais
167;Paulista;PE;Outras Despesas Correntes;Ministério do Turismo;15252765.97;2024-11-04;Despesa Empenhada;Taxas e Multas
168;Sinop;MT;Inversões Financeiras;Ministério da Fazenda;3926398.06;2024-04-26;Despesa Empenhada;Operações de Crédito
169;Itacoatiara;AM;Amortização da Dívida;Ministério da Agricultura;11132808.31;2024-04-14;Restos a Pagar Pagos;Recursos de Concessões
170;Lauro de Freitas;BA;Amortização da Dívida;Ministério da Fazenda;9957040.13;2024-01-05;Despesa Paga;Contribuições Sociais
171;Aracaju;SE;Outras Despesas Correntes;Controladoria-Geral da União;16589809.26;2024-01-04;Despesa Paga;Operações de Crédito
172;Campo Grande;MS;Investimentos;Ministério da Cultura;5688685.05;2024-08-02;Despesa Empenhada;Recursos de Concessões
173;Goiânia;GO;Inversões Financeiras;Ministério dos Transportes;4007728.96;2024-12-14;Despesa Empenhada;Recursos Diretamente Arrecadados
174;Mossoró;RN;Investimentos;Ministério da Cultura;2026587.32;2024-01-07;Restos a Pagar Pagos;Recursos de Concessões
175;Cabedelo;PB;Inversões Financeiras;Ministério do Trabalho;1898136.7;2024-12-23;Despesa Paga;Recursos de Concessões
176;Uberaba;MG;Outras Despesas Correntes;Ministério da Cultura;2554773.47;2024-07-15;Despesa Liquidada;Taxas e Multas
177;Samambaia;DF;Investimentos;Senado Federal;8337029.75;2024-12-02;Restos a Pagar Pagos;Taxas e Multas
178;São Luís;MA;Investimentos;Controladoria-Geral da União;7028886.01;2024-05-16;Despesa Empenhada;Contribuições Sociais
179;Parnamirim;RN;Investimentos;Ministério do Desenvolvimento Social;13128623.3;2024-12-17;Restos a Pagar Pagos;Taxas e Multas
180;Manaus;AM;Pessoal e Encargos Sociais;Ministério da Defesa;31897080.14;2024-05-02;Despesa Empenhada;Operações de Crédito
181;Porto Nacional;TO;Pessoal e Encargos Sociais;Presidência da República;4495769.08;2024-01-06;Despesa Empenhada;Doações
182;Anápolis;GO;Outras Despesas Correntes;Ministério dos Transportes;21180326.77;2024-04-20;Despesa Paga;Fundo de Participação
183;Águas Lindas de Goiás;GO;Juros e Encargos da Dívida;Ministério do Trabalho;8153430.68;2024-10-24;Despesa Paga;Taxas e Multas
184;Montes Claros;MG;Inversões Financeiras;Ministério das Comunicações;3879814.27;2024-07-15;Despesa Paga;Doações
185;Itabaiana;SE;Amortização da Dívida;Controladoria-Geral da União;2405136.14;2024-05-02;Despesa Empenhada;Operações de Crédito
186;Recife;PE;Outras Despesas Correntes;Ministério do Meio Ambiente;3058294.46;2024-07-19;Restos a Pagar Pagos;Recursos de Concessões
187;São Bernardo do Campo;SP;Outras Despesas Correntes;Ministério da Fazenda;4201467.95;2024-02-21;Despesa Empenhada;Recursos de Concessões
188;Paraíso do Tocantins;TO;Amortização da Dívida;Presidência da República;13877930.78;2024-04-05;Despesa Paga;Fundo de Participação
189;Teresina;PI;Amortização da Dívida;Ministério do Meio Ambiente;13757730.41;2024-11-26;Restos a Pagar Pagos;Operações de Crédito
190;Novo Hamburgo;RS;Amortização da Dívida;Ministério do Esporte;8528457.99;2024-06-07;Despesa Paga;Operações de Crédito
191;Rio Largo;AL;Pessoal e Encargos Sociais;Ministério do Turismo;40497101.11;2024-09-04;Despesa Empenhada;Recursos Ordinários
192;Rio Largo;AL;Amortização da Dívida;Ministério das Comunicações;16031790.97;2024-02-08;Despesa Liquidada;Taxas e Multas
193;Vilhena;RO;Outras Despesas Correntes;Ministério do Meio Ambiente;16749133.41;2024-07-07;Despesa Liquidada;Recursos de Concessões
194;Itapipoca;CE;Juros e Encargos da Dívida;Ministério da Fazenda;5706578.84;2024-07-03;Despesa Liquidada;Recursos Ordinários
195;Caxias;MA;Outras Despesas Correntes;Presidência da República;6576806.88;2024-09-09;Despesa Paga;Recursos de Concessões
196;Boa Vista;RR;Pessoal e Encargos Sociais;Ministério do Desenvolvimento Social;43088256.46;2024-06-28;Restos a Pagar Pagos;Fundo de Participação
197;Ji-Paraná;RO;Amortização da Dívida;Ministério da Ciência e Tecnologia;10030086.87;2024-04-08;Despesa Liquidada;Doações
198;Cabo de Santo Agostinho;PE;Outras Despesas Correntes;Ministério dos Transportes;27225964.56;2024-07-13;Despesa Empenhada;Taxas e Multas
199;Duque de Caxias;RJ;Outras Despesas Correntes;Ministério do Esporte;11763371.59;2024-11-13;Restos a Pagar Pagos;Operações de Crédito
200;Salvador;BA;Pessoal e Encargos Sociais;Senado Federal;14574796.69;2024-08-15;Despesa Paga;Recursos de Concessões
201;Anápolis;GO;Juros e Encargos da Dívida;Ministério da Justiça;1443711.34;2024-02-15;Despesa Liquidada;Fundo de Participação
202;Tefé;AM;Investimentos;Ministério da Defesa;10717495.7;2024-04-09;Despesa Paga;Operações de Crédito
203;Rorainópolis;RR;Pessoal e Encargos Sociais;Ministério do Esporte;39999256.42;2024-10-08;Despesa Empenhada;Operações de Crédito
204;Natal;RN;Amortização da Dívida;Ministério do Esporte;546676.16;2024-01-05;Despesa Liquidada;Recursos de Concessões
205;Macapá;AP;Amortização da Dívida;Tribunal de Contas da União;16017376.6;2024-04-16;Despesa Liquidada;Doações
206;Novo Hamburgo;RS;Inversões Financeiras;Ministério da Ciência e Tecnologia;2444426.89;2024-11-19;Despesa Liquidada;Taxas e Multas
207;Caracaraí;RR;Juros e Encargos da Dívida;Controladoria-Geral da União;7668929.11;2024-10-26;Despesa Paga;Doações
208;Uberlândia;MG;Amortização da Dívida;Ministério do Desenvolvimento Social;2460800.03;2024-09-13;Despesa Liquidada;Taxas e Multas
209;Dourados;MS;Investimentos;Ministério da Fazenda;11867946.37;2024-12-24;Despesa Empenhada;Operações de Crédito
210;Olinda;PE;Inversões Financeiras;Ministério da Educação;4205577.86;2024-09-14;Restos a Pagar Pagos;Taxas e Multas
211;Caruaru;PE;Inversões Financeiras;Ministério da Cultura;2764750.42;2024-05-17;Restos a Pagar Pagos;Recursos Ordinários
212;Rio Branco;AC;Juros e Encargos da Dívida;Ministério do Meio Ambiente;5103017.35;2024-01-18;Despesa Liquidada;Recursos Diretamente Arrecadados
213;Oiapoque;AP;Juros e Encargos da Dívida;Ministério da Defesa;2489424.9;2024-07-16;Despesa Liquidada;Fundo de Participação
214;Ribeirão das Neves;MG;Inversões Financeiras;Ministério das Comunicações;1294060.52;2024-08-24;Restos a Pagar Pagos;Fundo de Participação
215;Belém;PA;Outras Despesas Correntes;Ministério da Ciência e Tecnologia;18916785.14;2024-03-14;Restos a Pagar Pagos;Taxas e Multas
216;São José de Ribamar;MA;Outras Despesas Correntes;Ministério das Comunicações;20279430.5;2024-07-19;Despesa Paga;Recursos Ordinários
217;Taguatinga;DF;Inversões Financeiras;Ministério da Fazenda;3803474.32;2024-11-03;Despesa Liquidada;Fundo de Participação
218;Rio Branco;AC;Pessoal e Encargos Sociais;Ministério do Desenvolvimento Social;42450971.13;2024-10-09;Despesa Empenhada;Fundo de Participação
219;Parintins;AM;Investimentos;Câmara dos Deputados;11254690.29;2024-04-28;Despesa Liquidada;Recursos de Concessões
220;São José de Ribamar;MA;Investimentos;Ministério das Comunicações;6310765.46;2024-07-23;Despesa Liquidada;Recursos Diretamente Arrecadados
221;Criciúma;SC;Juros e Encargos da Dívida;Ministério do Trabalho;7714652.29;2024-01-14;Despesa Paga;Doações
222;São Paulo;SP;Juros e Encargos da Dívida;Ministério da Defesa;8147225.08;2024-12-15;Despesa Empenhada;Fundo de Participação
223;Tangará da Serra;MT;Inversões Financeiras;Ministério dos Transportes;3142785.98;2024-07-15;Despesa Empenhada;Contribuições Sociais
224;Laranjal do Jari;AP;Investimentos;Senado Federal;4062513.29;2024-04-27;Despesa Empenhada;Doações
225;Londrina;PR;Outras Despesas Correntes;Ministério do Desenvolvimento Social;26856923.0;2024-10-09;Despesa Empenhada;Operações de Crédito
226;Ceilândia;DF;Outras Despesas Correntes;Ministério do Trabalho;24079400.2;2024-10-15;Despesa Paga;Contribuições Sociais
227;Cariacica;ES;Outras Despesas Correntes;Presidência da República;20942945.26;2024-03-25;Restos a Pagar Pagos;Fundo de Participação
228;Colombo;PR;Amortização da Dívida;Ministério da Educação;4078058.1;2024-03-10;Despesa Paga;Recursos de Concessões
229;Ribeirão Preto;SP;Outras Despesas Correntes;Ministério da Justiça;7809248.78;2024-10-13;Restos a Pagar Pagos;Taxas e Multas
230;São José dos Pinhais;PR;Inversões Financeiras;Ministério da Agricultura;3467751.02;2024-01-13;Restos a Pagar Pagos;Recursos Diretamente Arrecadados
231;Belo Horizonte;MG;Investimentos;Senado Federal;913164.87;2024-08-22;Despesa Paga;Recursos Ordinários
232;Criciúma;SC;Pessoal e Encargos Sociais;Ministério da Justiça;35458222.14;2024-11-12;Despesa Empenhada;Recursos Diretamente Arrecadados
233;Arapiraca;AL;Inversões Financeiras;Ministério do Turismo;613810.94;2024-04-03;Despesa Paga;Recursos Ordinários
234;Macapá;AP;Investimentos;Ministério da Fazenda;14711793.56;2024-09-01;Restos a Pagar Pagos;Recursos Ordinários
235;Cruzeiro do Sul;AC;Inversões Financeiras;Ministério do Meio Ambiente;825378.44;2024-07-09;Despesa Liquidada;Operações de Crédito
236;Corumbá;MS;Investimentos;Ministério do Trabalho;2125658.88;2024-05-09;Restos a Pagar Pagos;Recursos de Concessões
237;Águas Lindas de Goiás;GO;Amortização da Dívida;Ministério das Comunicações;14710575.12;2024-06-13;Despesa Liquidada;Operações de Crédito
238;Campinas;SP;Inversões Financeiras;Ministério da Saúde;3061338.87;2024-09-13;Despesa Liquidada;Doações
239;Santarém;PA;Amortização da Dívida;Ministério da Cultura;1740313.46;2024-09-18;Despesa Liquidada;Doações
240;Olinda;PE;Investimentos;Ministério da Agricultura;1230377.99;2024-12-02;Despesa Liquidada;Contribuições Sociais
241;Castanhal;PA;Inversões Financeiras;Ministério do Desenvolvimento Social;286641.16;2024-10-06;Despesa Paga;Recursos de Concessões
242;Feira de Santana;BA;Amortização da Dívida;Ministério do Meio Ambiente;18485829.79;2024-11-19;Despesa Liquidada;Recursos Diretamente Arrecadados
243;Uberlândia;MG;Juros e Encargos da Dívida;Ministério do Meio Ambiente;4660190.26;2024-03-09;Despesa Liquidada;Contribuições Sociais
244;Uberaba;MG;Inversões Financeiras;Ministério da Agricultura;95541.56;2024-12-22;Restos a Pagar Pagos;Recursos de Concessões
245;Caxias;MA;Investimentos;Ministério do Trabalho;14012143.03;2024-01-27;Restos a Pagar Pagos;Fundo de Participação
246;Arapiraca;AL;Investimentos;Ministério do Esporte;2896628.22;2024-02-22;Restos a Pagar Pagos;Operações de Crédito
247;Parintins;AM;Investimentos;Ministério da Saúde;2731441.92;2024-06-26;Restos a Pagar Pagos;Taxas e Multas
248;Santa Rita;PB;Juros e Encargos da Dívida;Ministério do Trabalho;2822319.51;2024-08-05;Despesa Empenhada;Taxas e Multas
249;Parauapebas;PA;Pessoal e Encargos Sociais;Ministério da Cultura;42525796.4;2024-12-10;Despesa Empenhada;Taxas e Multas
250;Nova Iguaçu;RJ;Investimentos;Ministério da Justiça;8045773.83;2024-11-24;Despesa Empenhada;Recursos Ordinários
251;Imperatriz;MA;Inversões Financeiras;Ministério da Agricultura;376923.43;2024-09-15;Despesa Paga;Contribuições Sociais
252;Itapipoca;CE;Investimentos;Ministério do Esporte;7310642.49;2024-08-14;Despesa Paga;Taxas e Multas
253;Marabá;PA;Amortização da Dívida;Ministério do Trabalho;2476915.84;2024-12-05;Despesa Empenhada;Recursos de Concessões
254;Tefé;AM;Investimentos;Ministério da Saúde;14143987.78;2024-05-25;Restos a Pagar Pagos;Recursos Diretamente Arrecadados
255;Timon;MA;Investimentos;Ministério do Desenvolvimento Social;8429289.47;2024-12-09;Despesa Paga;Contribuições Sociais
256;Betim;MG;Inversões Financeiras;Ministério do Esporte;4839253.08;2024-09-17;Despesa Liquidada;Recursos Diretamente Arrecadados
257;Paraíso do Tocantins;TO;Inversões Financeiras;Controladoria-Geral da União;1104187.91;2024-11-22;Despesa Liquidada;Doações
258;Cascavel;PR;Inversões Financeiras;Ministério da Agricultura;4451653.39;2024-09-07;Restos a Pagar Pagos;Operações de Crédito
259;Cachoeiro de Itapemirim;ES;Pessoal e Encargos Sociais;Presidência da República;30038582.62;2024-01-21;Despesa Liquidada;Recursos de Concessões
260;Rio Verde;GO;Amortização da Dívida;Presidência da República;10561343.53;2024-07-27;Despesa Empenhada;Recursos de Concessões
261;Taguatinga;DF;Inversões Financeiras;Ministério da Educação;1766191.69;2024-02-10;Restos a Pagar Pagos;Fundo de Participação
262;Boa Vista;RR;Inversões Financeiras;Ministério da Fazenda;430713.22;2024-07-10;Despesa Liquidada;Taxas e Multas
263;Ponta Grossa;PR;Inversões Financeiras;Ministério do Turismo;449219.11;2024-08-15;Despesa Paga;Contribuições Sociais
264;Caracaraí;RR;Juros e Encargos da Dívida;Ministério da Agricultura;1192527.87;2024-08-20;Restos a Pagar Pagos;Doações
265;Vila Velha;ES;Amortização da Dívida;Ministério do Turismo;4756658.59;2024-04-10;Restos a Pagar Pagos;Taxas e Multas
266;Chapecó;SC;Investimentos;Presidência da República;2105815.2;2024-04-08;Despesa Empenhada;Recursos Diretamente Arrecadados
267;Caxias;MA;Pessoal e Encargos Sociais;Senado Federal;11994899.86;2024-12-24;Despesa Empenhada;Recursos de Concessões
268;Pelotas;RS;Inversões Financeiras;Presidência da República;3831013.14;2024-03-20;Despesa Paga;Operações de Crédito
269;Viamão;RS;Inversões Financeiras;Senado Federal;2528599.44;2024-04-14;Despesa Paga;Recursos Diretamente Arrecadados
270;Osasco;SP;Inversões Financeiras;Ministério do Desenvolvimento Social;281085.67;2024-05-25;Despesa Empenhada;Recursos Ordinários
271;Uberlândia;MG;Investimentos;Ministério do Turismo;13050823.27;2024-07-13;Despesa Empenhada;Recursos de Concessões
272;Tangará da Serra;MT;Pessoal e Encargos Sociais;Tribunal de Contas da União;20186935.48;2024-07-27;Despesa Liquidada;Fundo de Participação
273;Imperatriz;MA;Outras Despesas Correntes;Câmara dos Deputados;9692194.95;2024-07-20;Despesa Paga;Operações de Crédito
274;Sorriso;MT;Pessoal e Encargos Sociais;Ministério do Desenvolvimento Social;33393186.16;2024-11-06;Despesa Empenhada;Recursos Diretamente Arrecadados
275;Rio Branco;AC;Inversões Financeiras;Ministério da Ciência e Tecnologia;3525813.46;2024-01-22;Despesa Liquidada;Doações
276;Fortaleza;CE;Outras Despesas Correntes;Ministério do Meio Ambiente;18290536.95;2024-06-08;Despesa Liquidada;Doações
277;Olinda;PE;Pessoal e Encargos Sociais;Ministério dos Transportes;22267150.93;2024-05-08;Despesa Paga;Recursos Ordinários
278;Itabaiana;SE;Outras Despesas Correntes;Ministério dos Transportes;16061819.01;2024-08-22;Despesa Empenhada;Doações
279;Sorocaba;SP;Amortização da Dívida;Ministério da Cultura;9544332.66;2024-03-17;Restos a Pagar Pagos;Recursos Ordinários
280;São José dos Pinhais;PR;Amortização da Dívida;Ministério das Comunicações;19320080.95;2024-01-01;Despesa Paga;Taxas e Multas
281;Caracaraí;RR;Investimentos;Ministério da Ciência e Tecnologia;5161597.17;2024-05-26;Restos a Pagar Pagos;Operações de Crédito
282;Cabo de Santo Agostinho;PE;Pessoal e Encargos Sociais;Presidência da República;45620014.18;2024-11-06;Despesa Empenhada;Taxas e Multas
283;Caxias;MA;Pessoal e Encargos Sociais;Câmara dos Deputados;37174103.35;2024-04-08;Despesa Empenhada;Taxas e Multas
284;Teresina;PI;Pessoal e Encargos Sociais;Presidência da República;6833234.91;2024-05-24;Despesa Liquidada;Operações de Crédito
285;São Bernardo do Campo;SP;Juros e Encargos da Dívida;Ministério da Ciência e Tecnologia;5598673.63;2024-06-27;Restos a Pagar Pagos;Recursos de Concessões
286;Gurupi;TO;Amortização da Dívida;Ministério da Fazenda;385867.58;2024-11-02;Despesa Paga;Contribuições Sociais
287;Cabedelo;PB;Pessoal e Encargos Sociais;Ministério dos Transportes;10879372.08;2024-12-03;Despesa Paga;Doações
288;Parnaíba;PI;Pessoal e Encargos Sociais;Ministério da Fazenda;7299580.33;2024-04-11;Restos a Pagar Pagos;Fundo de Participação
289;Chapecó;SC;Investimentos;Ministério do Meio Ambiente;6441957.47;2024-01-20;Restos a Pagar Pagos;Operações de Crédito
290;Sorriso;MT;Outras Despesas Correntes;Ministério da Agricultura;10265103.62;2024-10-05;Restos a Pagar Pagos;Operações de Crédito
291;Mossoró;RN;Pessoal e Encargos Sociais;Ministério da Ciência e Tecnologia;22735566.4;2024-08-28;Restos a Pagar Pagos;Recursos de Concessões
292;Vila Velha;ES;Outras Despesas Correntes;Senado Federal;29536305.85;2024-08-25;Despesa Paga;Recursos Diretamente Arrecadados
293;Santarém;PA;Pessoal e Encargos Sociais;Ministério da Agricultura;4411567.32;2024-04-26;Despesa Liquidada;Operações de Crédito
294;Itabaiana;SE;Juros e Encargos da Dívida;Ministério do Trabalho;2809005.17;2024-01-20;Despesa Empenhada;Taxas e Multas
295;Samambaia;DF;Pessoal e Encargos Sociais;Ministério do Desenvolvimento Social;41668983.27;2024-02-21;Despesa Empenhada;Recursos Diretamente Arrecadados
296;Tefé;AM;Pessoal e Encargos Sociais;Ministério do Esporte;20676168.8;2024-09-15;Restos a Pagar Pagos;Recursos Ordinários
297;Ilhéus;BA;Inversões Financeiras;Ministério do Esporte;2833981.03;2024-03-06;Despesa Liquidada;Contribuições Sociais
298;Timon;MA;Juros e Encargos da Dívida;Ministério do Turismo;9130029.19;2024-06-18;Despesa Paga;Doações
299;Parauapebas;PA;Outras Despesas Correntes;Ministério da Defesa;16682123.58;2024-01-12;Despesa Liquidada;Doações
300;Tangará da Serra;MT;Outras Despesas Correntes;Controladoria-Geral da União;29567551.41;2024-11-27;Despesa Empenhada;Recursos de Concessões
301;Caracaraí;RR;Amortização da Dívida;Câmara dos Deputados;9890720.68;2024-06-01;Despesa Liquidada;Recursos Ordinários
302;Palmas;TO;Pessoal e Encargos Sociais;Ministério do Turismo;38142427.5;2024-05-21;Despesa Liquidada;Recursos de Concessões
303;Juazeiro;BA;Pessoal e Encargos Sociais;Ministério da Fazenda;25169587.48;2024-12-10;Despesa Paga;Recursos Diretamente Arrecadados
304;Caruaru;PE;Juros e Encargos da Dívida;Senado Federal;5920547.92;2024-02-04;Despesa Empenhada;Doações
305;Londrina;PR;Amortização da Dívida;Presidência da República;16017992.03;2024-11-26;Despesa Liquidada;Contribuições Sociais
306;Parnamirim;RN;Inversões Financeiras;Ministério do Esporte;2827704.49;2024-10-09;Restos a Pagar Pagos;Taxas e Multas
307;Rio Branco;AC;Pessoal e Encargos Sociais;Ministério da Saúde;37206749.74;2024-04-08;Despesa Liquidada;Contribuições Sociais
308;Parnamirim;RN;Juros e Encargos da Dívida;Ministério dos Transportes;4823698.25;2024-04-28;Despesa Empenhada;Doações
309;Olinda;PE;Inversões Financeiras;Ministério dos Transportes;1605549.95;2024-12-26;Despesa Empenhada;Contribuições Sociais
310;Codó;MA;Juros e Encargos da Dívida;Ministério da Justiça;3373772.56;2024-12-15;Despesa Paga;Recursos de Concessões
311;Guarulhos;SP;Pessoal e Encargos Sociais;Senado Federal;30005736.93;2024-06-18;Despesa Empenhada;Fundo de Participação
312;Belém;PA;Pessoal e Encargos Sociais;Ministério das Comunicações;40946896.83;2024-07-23;Despesa Liquidada;Fundo de Participação
313;Bayeux;PB;Inversões Financeiras;Ministério da Agricultura;886028.27;2024-01-03;Despesa Empenhada;Taxas e Multas
314;Maracanaú;CE;Inversões Financeiras;Ministério da Ciência e Tecnologia;2936051.59;2024-04-11;Despesa Liquidada;Recursos Ordinários
315;Camaçari;BA;Juros e Encargos da Dívida;Senado Federal;4415261.37;2024-08-03;Restos a Pagar Pagos;Operações de Crédito
316;Uberaba;MG;Pessoal e Encargos Sociais;Ministério da Justiça;26457077.36;2024-04-07;Despesa Paga;Operações de Crédito
317;Corumbá;MS;Pessoal e Encargos Sociais;Ministério do Trabalho;22016475.33;2024-07-10;Restos a Pagar Pagos;Contribuições Sociais
318;Lagarto;SE;Pessoal e Encargos Sociais;Controladoria-Geral da União;33997505.79;2024-03-07;Despesa Empenhada;Fundo de Participação
319;Santana;AP;Investimentos;Ministério dos Transportes;11515126.57;2024-03-20;Despesa Empenhada;Recursos de Concessões
320;São Bernardo do Campo;SP;Inversões Financeiras;Presidência da República;4235551.39;2024-04-23;Despesa Paga;Recursos Diretamente Arrecadados
321;Sobral;CE;Inversões Financeiras;Controladoria-Geral da União;1481539.75;2024-09-20;Restos a Pagar Pagos;Contribuições Sociais
322;Luziânia;GO;Inversões Financeiras;Ministério da Saúde;2495209.92;2024-11-18;Despesa Paga;Doações
323;Nossa Senhora do Socorro;SE;Amortização da Dívida;Ministério da Educação;16718604.15;2024-05-19;Despesa Paga;Recursos Ordinários
324;Manacapuru;AM;Inversões Financeiras;Câmara dos Deputados;1682589.39;2024-04-22;Despesa Paga;Taxas e Multas
325;São José de Ribamar;MA;Inversões Financeiras;Tribunal de Contas da União;2454334.79;2024-10-10;Restos a Pagar Pagos;Recursos Ordinários
326;Itabuna;BA;Pessoal e Encargos Sociais;Ministério da Saúde;48670767.38;2024-10-26;Despesa Liquidada;Recursos de Concessões
327;Timon;MA;Inversões Financeiras;Presidência da República;969398.2;2024-04-09;Despesa Paga;Taxas e Multas
328;Porto Velho;RO;Outras Despesas Correntes;Controladoria-Geral da União;16162426.84;2024-12-27;Despesa Paga;Taxas e Multas
329;Belo Horizonte;MG;Pessoal e Encargos Sociais;Controladoria-Geral da União;22551393.26;2024-01-15;Despesa Liquidada;Recursos Diretamente Arrecadados
330;Lauro de Freitas;BA;Outras Despesas Correntes;Tribunal de Contas da União;11524280.05;2024-06-21;Restos a Pagar Pagos;Recursos Ordinários
331;Parnaíba;PI;Inversões Financeiras;Ministério da Justiça;4338813.8;2024-07-17;Despesa Paga;Recursos Diretamente Arrecadados
332;Juazeiro;BA;Inversões Financeiras;Controladoria-Geral da União;3733999.8;2024-03-28;Despesa Empenhada;Doações
333;Juazeiro do Norte;CE;Amortização da Dívida;Ministério do Turismo;18196814.0;2024-05-21;Restos a Pagar Pagos;Contribuições Sociais
334;Arapiraca;AL;Amortização da Dívida;Presidência da República;4363312.47;2024-03-24;Restos a Pagar Pagos;Taxas e Multas
335;Chapecó;SC;Amortização da Dívida;Ministério dos Transportes;3123945.41;2024-04-04;Despesa Liquidada;Recursos de Concessões
336;Itapipoca;CE;Pessoal e Encargos Sociais;Controladoria-Geral da União;11149077.56;2024-07-15;Despesa Paga;Recursos de Concessões
337;Blumenau;SC;Juros e Encargos da Dívida;Ministério das Comunicações;8982035.62;2024-11-05;Despesa Empenhada;Recursos Diretamente Arrecadados
338;Porto Nacional;TO;Juros e Encargos da Dívida;Ministério do Esporte;1763703.45;2024-06-18;Despesa Liquidada;Fundo de Participação
339;Maracanaú;CE;Outras Despesas Correntes;Tribunal de Contas da União;27070547.13;2024-11-12;Despesa Empenhada;Recursos Diretamente Arrecadados
340;Ananindeua;PA;Investimentos;Ministério da Defesa;299506.56;2024-02-01;Despesa Paga;Taxas e Multas
341;Lauro de Freitas;BA;Investimentos;Ministério da Educação;4806736.09;2024-08-23;Restos a Pagar Pagos;Recursos Diretamente Arrecadados
342;Maracanaú;CE;Outras Despesas Correntes;Ministério da Fazenda;29628313.67;2024-09-09;Despesa Liquidada;Contribuições Sociais
343;Rio Branco;AC;Inversões Financeiras;Ministério da Justiça;4865847.66;2024-07-03;Despesa Paga;Operações de Crédito
344;São José dos Pinhais;PR;Inversões Financeiras;Ministério do Turismo;4151617.57;2024-11-23;Despesa Paga;Taxas e Multas
345;Colombo;PR;Pessoal e Encargos Sociais;Câmara dos Deputados;43467751.0;2024-12-18;Despesa Liquidada;Recursos Diretamente Arrecadados
346;Coari;AM;Juros e Encargos da Dívida;Controladoria-Geral da União;4699043.86;2024-09-08;Despesa Empenhada;Fundo de Participação
347;Petrópolis;RJ;Inversões Financeiras;Ministério do Trabalho;3788458.3;2024-03-15;Despesa Liquidada;Recursos de Concessões
348;São José;SC;Inversões Financeiras;Senado Federal;2973090.95;2024-09-21;Despesa Empenhada;Contribuições Sociais
349;Cachoeiro de Itapemirim;ES;Pessoal e Encargos Sociais;Ministério da Educação;12302755.42;2024-11-26;Restos a Pagar Pagos;Contribuições Sociais
350;Ilhéus;BA;Pessoal e Encargos Sociais;Ministério do Meio Ambiente;31742470.33;2024-05-08;Despesa Empenhada;Recursos Diretamente Arrecadados
351;Jaraguá do Sul;SC;Amortização da Dívida;Câmara dos Deputados;18684444.33;2024-12-10;Restos a Pagar Pagos;Operações de Crédito
352;Serra;ES;Outras Despesas Correntes;Ministério da Justiça;25207453.37;2024-11-11;Despesa Liquidada;Recursos de Concessões
353;Vitória;ES;Amortização da Dívida;Ministério da Cultura;2666138.0;2024-12-03;Despesa Paga;Recursos Diretamente Arrecadados
354;Recife;PE;Pessoal e Encargos Sociais;Ministério da Justiça;16889181.68;2024-04-14;Despesa Paga;Doações
355;Natal;RN;Pessoal e Encargos Sociais;Controladoria-Geral da União;32352111.62;2024-04-05;Despesa Liquidada;Recursos de Concessões
356;Juazeiro;BA;Inversões Financeiras;Ministério da Saúde;2765734.53;2024-02-08;Despesa Empenhada;Fundo de Participação
357;Porto Nacional;TO;Juros e Encargos da Dívida;Ministério da Educação;5971544.01;2024-06-03;Despesa Empenhada;Doações
358;Rio de Janeiro;RJ;Juros e Encargos da Dívida;Ministério do Trabalho;5881461.97;2024-05-01;Despesa Paga;Fundo de Participação
359;Crato;CE;Pessoal e Encargos Sociais;Ministério da Defesa;5114890.03;2024-02-24;Despesa Paga;Recursos de Concessões
360;Penedo;AL;Inversões Financeiras;Senado Federal;2618685.75;2024-05-07;Despesa Paga;Taxas e Multas
361;Maringá;PR;Amortização da Dívida;Ministério da Fazenda;9713285.16;2024-08-04;Restos a Pagar Pagos;Fundo de Participação
362;Salvador;BA;Pessoal e Encargos Sociais;Ministério da Educação;27891268.86;2024-12-05;Restos a Pagar Pagos;Contribuições Sociais
363;Bayeux;PB;Amortização da Dívida;Ministério do Desenvolvimento Social;18956418.83;2024-10-05;Despesa Liquidada;Fundo de Participação
364;Parintins;AM;Outras Despesas Correntes;Ministério do Trabalho;23663760.37;2024-02-13;Despesa Empenhada;Fundo de Participação
365;Dourados;MS;Outras Despesas Correntes;Ministério do Trabalho;17005954.35;2024-10-27;Restos a Pagar Pagos;Operações de Crédito
366;Belford Roxo;RJ;Juros e Encargos da Dívida;Tribunal de Contas da União;2044676.1;2024-12-21;Despesa Empenhada;Contribuições Sociais
367;Paulista;PE;Outras Despesas Correntes;Ministério do Trabalho;25162082.35;2024-05-24;Despesa Empenhada;Doações
368;Arapiraca;AL;Amortização da Dívida;Ministério da Ciência e Tecnologia;14287684.56;2024-07-22;Despesa Paga;Fundo de Participação
369;Rondonópolis;MT;Inversões Financeiras;Ministério do Trabalho;2453313.71;2024-03-06;Despesa Paga;Fundo de Participação
370;Cabedelo;PB;Pessoal e Encargos Sociais;Ministério da Saúde;2883299.16;2024-08-24;Restos a Pagar Pagos;Recursos de Concessões
371;Natal;RN;Outras Despesas Correntes;Ministério da Justiça;14549196.15;2024-08-16;Despesa Liquidada;Recursos de Concessões
372;Guarulhos;SP;Inversões Financeiras;Ministério da Saúde;3787817.81;2024-11-05;Restos a Pagar Pagos;Doações
373;Juiz de Fora;MG;Inversões Financeiras;Ministério da Agricultura;1178465.97;2024-12-19;Despesa Paga;Operações de Crédito
374;Manaus;AM;Pessoal e Encargos Sociais;Ministério da Defesa;47280021.48;2024-12-05;Despesa Empenhada;Operações de Crédito
375;João Pessoa;PB;Pessoal e Encargos Sociais;Ministério da Cultura;42802764.58;2024-09-24;Despesa Liquidada;Contribuições Sociais
376;São Paulo;SP;Investimentos;Senado Federal;6230956.49;2024-10-08;Despesa Liquidada;Fundo de Participação
377;Macaíba;RN;Pessoal e Encargos Sociais;Tribunal de Contas da União;14582442.46;2024-09-19;Despesa Paga;Operações de Crédito
378;Rio Verde;GO;Juros e Encargos da Dívida;Presidência da República;360211.87;2024-09-19;Despesa Paga;Fundo de Participação
379;Foz do Iguaçu;PR;Inversões Financeiras;Ministério da Cultura;2099137.08;2024-10-23;Despesa Liquidada;Doações
380;Petrópolis;RJ;Inversões Financeiras;Controladoria-Geral da União;461864.58;2024-06-17;Despesa Empenhada;Taxas e Multas
381;Campina Grande;PB;Pessoal e Encargos Sociais;Ministério da Saúde;49859490.59;2024-04-21;Restos a Pagar Pagos;Recursos de Concessões
382;Várzea Grande;MT;Inversões Financeiras;Senado Federal;432912.32;2024-03-11;Despesa Empenhada;Taxas e Multas
383;Tarauacá;AC;Pessoal e Encargos Sociais;Ministério da Agricultura;22020879.91;2024-08-01;Despesa Paga;Recursos de Concessões
384;São Gonçalo do Amarante;RN;Investimentos;Ministério da Saúde;12075321.95;2024-03-16;Restos a Pagar Pagos;Contribuições Sociais
385;Foz do Iguaçu;PR;Amortização da Dívida;Senado Federal;3555640.38;2024-03-04;Restos a Pagar Pagos;Operações de Crédito
386;Ponta Porã;MS;Juros e Encargos da Dívida;Ministério do Desenvolvimento Social;1746751.08;2024-10-02;Restos a Pagar Pagos;Operações de Crédito
387;Campo Grande;MS;Inversões Financeiras;Ministério da Educação;1156534.82;2024-12-19;Restos a Pagar Pagos;Doações
388;Macapá;AP;Investimentos;Presidência da República;483921.06;2024-06-22;Restos a Pagar Pagos;Recursos de Concessões
389;Itacoatiara;AM;Amortização da Dívida;Ministério das Comunicações;8784238.29;2024-09-04;Restos a Pagar Pagos;Taxas e Multas
390;Cuiabá;MT;Outras Despesas Correntes;Ministério da Agricultura;10423387.09;2024-04-17;Restos a Pagar Pagos;Operações de Crédito
391;Luziânia;GO;Juros e Encargos da Dívida;Câmara dos Deputados;7234264.41;2024-10-11;Despesa Empenhada;Recursos Ordinários
392;Imperatriz;MA;Outras Despesas Correntes;Ministério da Educação;12137332.31;2024-10-18;Despesa Liquidada;Operações de Crédito
393;Uberaba;MG;Pessoal e Encargos Sociais;Ministério da Saúde;26844518.01;2024-07-01;Despesa Empenhada;Doações
394;Ribeirão das Neves;MG;Juros e Encargos da Dívida;Ministério das Comunicações;2377184.4;2024-10-27;Despesa Liquidada;Fundo de Participação
395;Guarulhos;SP;Juros e Encargos da Dívida;Ministério da Agricultura;9563246.12;2024-02-20;Despesa Empenhada;Recursos Diretamente Arrecadados
396;Águas Lindas de Goiás;GO;Inversões Financeiras;Tribunal de Contas da União;539857.83;2024-04-15;Despesa Empenhada;Doações
397;Sena Madureira;AC;Inversões Financeiras;Ministério das Comunicações;1071006.45;2024-08-13;Restos a Pagar Pagos;Recursos de Concessões
398;Sobral;CE;Amortização da Dívida;Ministério da Justiça;17070575.47;2024-11-25;Despesa Liquidada;Recursos Diretamente Arrecadados
399;Campo Grande;MS;Pessoal e Encargos Sociais;Ministério da Defesa;34379222.8;2024-05-18;Despesa Empenhada;Recursos de Concessões
400;Marabá;PA;Inversões Financeiras;Ministério da Defesa;1557745.77;2024-07-24;Despesa Liquidada;Recursos Ordinários
401;São José;SC;Amortização da Dívida;Ministério do Turismo;1899772.07;2024-09-04;Despesa Liquidada;Recursos de Concessões
402;Vitória;ES;Investimentos;Ministério da Ciência e Tecnologia;3436818.55;2024-03-05;Despesa Empenhada;Doações
403;Mossoró;RN;Pessoal e Encargos Sociais;Presidência da República;33139934.25;2024-10-18;Despesa Empenhada;Recursos Diretamente Arrecadados
404;Mossoró;RN;Juros e Encargos da Dívida;Ministério do Esporte;6048303.27;2024-10-27;Despesa Liquidada;Doações
405;Castanhal;PA;Inversões Financeiras;Ministério do Desenvolvimento Social;605810.64;2024-11-02;Despesa Liquidada;Taxas e Multas
406;Ribeirão Preto;SP;Amortização da Dívida;Senado Federal;15432896.0;2024-09-11;Despesa Liquidada;Operações de Crédito
407;Ribeirão Preto;SP;Inversões Financeiras;Ministério da Saúde;3367281.28;2024-02-01;Restos a Pagar Pagos;Contribuições Sociais
408;Itajaí;SC;Inversões Financeiras;Presidência da República;1197012.99;2024-10-22;Restos a Pagar Pagos;Fundo de Participação
409;Maracanaú;CE;Amortização da Dívida;Ministério da Defesa;9577294.71;2024-06-17;Despesa Empenhada;Fundo de Participação
410;Ariquemes;RO;Investimentos;Ministério da Ciência e Tecnologia;6315439.51;2024-06-12;Restos a Pagar Pagos;Doações
411;Foz do Iguaçu;PR;Pessoal e Encargos Sociais;Controladoria-Geral da União;36942589.55;2024-09-14;Restos a Pagar Pagos;Recursos de Concessões
412;Cacoal;RO;Outras Despesas Correntes;Ministério do Turismo;23473026.3;2024-06-24;Restos a Pagar Pagos;Recursos Diretamente Arrecadados
413;Parnamirim;RN;Investimentos;Ministério da Cultura;5290241.32;2024-12-25;Despesa Empenhada;Recursos Diretamente Arrecadados
414;João Pessoa;PB;Outras Despesas Correntes;Ministério da Cultura;15501098.33;2024-11-10;Despesa Paga;Recursos de Concessões
415;Juazeiro do Norte;CE;Pessoal e Encargos Sociais;Câmara dos Deputados;44269624.84;2024-09-11;Despesa Liquidada;Contribuições Sociais
416;Goiânia;GO;Pessoal e Encargos Sociais;Ministério das Comunicações;14024222.0;2024-06-14;Restos a Pagar Pagos;Fundo de Participação
417;Colombo;PR;Inversões Financeiras;Presidência da República;2918203.29;2024-11-23;Restos a Pagar Pagos;Doações
418;Jaraguá do Sul;SC;Outras Despesas Correntes;Controladoria-Geral da União;17339252.13;2024-10-12;Despesa Liquidada;Fundo de Participação
419;Três Lagoas;MS;Inversões Financeiras;Ministério da Agricultura;3992295.32;2024-12-03;Despesa Empenhada;Doações
420;Rondonópolis;MT;Inversões Financeiras;Ministério da Educação;4328955.93;2024-01-16;Despesa Liquidada;Taxas e Multas
421;Coari;AM;Juros e Encargos da Dívida;Ministério do Turismo;6709019.55;2024-09-20;Despesa Paga;Fundo de Participação
422;Feira de Santana;BA;Investimentos;Ministério do Turismo;13632140.45;2024-05-28;Restos a Pagar Pagos;Doações
423;Cabo de Santo Agostinho;PE;Inversões Financeiras;Ministério da Justiça;46664.39;2024-11-27;Despesa Paga;Doações
424;Paulista;PE;Pessoal e Encargos Sociais;Ministério do Turismo;3002684.44;2024-06-23;Despesa Liquidada;Doações
425;Ponta Porã;MS;Investimentos;Ministério da Agricultura;12477663.04;2024-02-27;Restos a Pagar Pagos;Fundo de Participação
426;Oiapoque;AP;Investimentos;Tribunal de Contas da União;4995329.89;2024-12-15;Despesa Paga;Doações
427;Feira de Santana;BA;Inversões Financeiras;Câmara dos Deputados;310549.22;2024-12-04;Despesa Liquidada;Taxas e Multas
428;Sinop;MT;Amortização da Dívida;Ministério do Turismo;10972430.17;2024-07-04;Despesa Liquidada;Doações
429;Sorriso;MT;Amortização da Dívida;Ministério da Agricultura;3263651.51;2024-05-03;Despesa Paga;Doações
430;Rondonópolis;MT;Pessoal e Encargos Sociais;Ministério do Trabalho;18978650.51;2024-03-17;Restos a Pagar Pagos;Recursos Diretamente Arrecadados
431;Santana;AP;Amortização da Dívida;Ministério da Ciência e Tecnologia;1612329.91;2024-12-27;Despesa Liquidada;Contribuições Sociais
432;Paulista;PE;Pessoal e Encargos Sociais;Ministério da Cultura;2957726.62;2024-10-25;Despesa Liquidada;Taxas e Multas
433;Santana;AP;Pessoal e Encargos Sociais;Câmara dos Deputados;8042926.12;2024-03-16;Despesa Empenhada;Taxas e Multas
434;Contagem;MG;Pessoal e Encargos Sociais;Câmara dos Deputados;2162025.65;2024-10-22;Despesa Empenhada;Taxas e Multas
435;Porto Nacional;TO;Inversões Financeiras;Câmara dos Deputados;1110656.9;2024-04-14;Despesa Paga;Recursos Diretamente Arrecadados
436;Guarulhos;SP;Pessoal e Encargos Sociais;Ministério das Comunicações;10807788.22;2024-12-19;Restos a Pagar Pagos;Recursos Diretamente Arrecadados
437;Campinas;SP;Amortização da Dívida;Ministério da Cultura;8180049.82;2024-07-18;Despesa Liquidada;Recursos de Concessões
438;Londrina;PR;Outras Despesas Correntes;Ministério do Trabalho;3592193.6;2024-07-15;Despesa Paga;Recursos Diretamente Arrecadados
439;Natal;RN;Investimentos;Câmara dos Deputados;148635.41;2024-03-15;Despesa Liquidada;Taxas e Multas
440;Maringá;PR;Pessoal e Encargos Sociais;Ministério da Defesa;13449836.93;2024-06-01;Despesa Liquidada;Operações de Crédito
441;Laranjal do Jari;AP;Inversões Financeiras;Ministério do Esporte;3310991.49;2024-02-17;Despesa Paga;Recursos Ordinários
442;Sena Madureira;AC;Juros e Encargos da Dívida;Ministério da Educação;8069953.43;2024-07-09;Despesa Empenhada;Taxas e Multas
443;Cuiabá;MT;Investimentos;Ministério do Turismo;11596516.38;2024-10-23;Despesa Liquidada;Operações de Crédito
444;Parnamirim;RN;Inversões Financeiras;Ministério da Saúde;1881399.11;2024-04-23;Despesa Paga;Recursos Diretamente Arrecadados
445;Penedo;AL;Pessoal e Encargos Sociais;Ministério da Saúde;23185133.37;2024-10-04;Despesa Empenhada;Taxas e Multas
446;Penedo;AL;Outras Despesas Correntes;Ministério da Cultura;4100172.81;2024-11-10;Restos a Pagar Pagos;Operações de Crédito
447;Uberlândia;MG;Outras Despesas Correntes;Ministério da Defesa;16326672.42;2024-01-03;Restos a Pagar Pagos;Recursos Ordinários
448;Juazeiro do Norte;CE;Investimentos;Ministério da Justiça;12513711.6;2024-10-14;Despesa Paga;Recursos Ordinários
449;Marabá;PA;Investimentos;Ministério dos Transportes;7881620.46;2024-05-23;Despesa Empenhada;Fundo de Participação
450;Itajaí;SC;Investimentos;Ministério do Turismo;1237103.51;2024-10-01;Despesa Liquidada;Doações
451;Curitiba;PR;Investimentos;Ministério da Ciência e Tecnologia;9154577.05;2024-05-27;Despesa Liquidada;Operações de Crédito
452;Blumenau;SC;Inversões Financeiras;Câmara dos Deputados;4364780.34;2024-11-08;Restos a Pagar Pagos;Taxas e Multas
453;Laranjal do Jari;AP;Outras Despesas Correntes;Ministério das Comunicações;8533822.94;2024-10-23;Despesa Paga;Recursos Ordinários
454;Tangará da Serra;MT;Investimentos;Controladoria-Geral da União;11259545.62;2024-12-12;Restos a Pagar Pagos;Fundo de Participação
455;Sobral;CE;Amortização da Dívida;Ministério da Saúde;1310425.61;2024-08-28;Restos a Pagar Pagos;Recursos Diretamente Arrecadados
456;Ananindeua;PA;Amortização da Dívida;Ministério da Cultura;5981286.82;2024-01-26;Despesa Liquidada;Fundo de Participação
457;Sinop;MT;Inversões Financeiras;Controladoria-Geral da União;574922.87;2024-02-09;Despesa Paga;Recursos Ordinários
458;Santo André;SP;Investimentos;Controladoria-Geral da União;1219607.3;2024-10-03;Despesa Liquidada;Fundo de Participação
459;Jaraguá do Sul;SC;Juros e Encargos da Dívida;Ministério da Justiça;6976732.44;2024-05-11;Restos a Pagar Pagos;Taxas e Multas
460;Duque de Caxias;RJ;Pessoal e Encargos Sociais;Ministério da Educação;9310612.1;2024-05-18;Despesa Empenhada;Taxas e Multas
461;Sobral;CE;Juros e Encargos da Dívida;Câmara dos Deputados;529313.87;2024-11-17;Despesa Paga;Fundo de Participação
462;Ponta Porã;MS;Investimentos;Ministério da Justiça;207689.2;2024-05-08;Despesa Liquidada;Fundo de Participação
463;Palmas;TO;Inversões Financeiras;Ministério da Educação;4837889.67;2024-11-07;Despesa Paga;Recursos Diretamente Arrecadados
464;Pelotas;RS;Inversões Financeiras;Ministério da Fazenda;2252427.16;2024-05-18;Despesa Paga;Fundo de Participação
465;Petrópolis;RJ;Inversões Financeiras;Senado Federal;3300472.4;2024-03-24;Restos a Pagar Pagos;Operações de Crédito
466;Corumbá;MS;Outras Despesas Correntes;Ministério dos Transportes;28337824.41;2024-12-21;Restos a Pagar Pagos;Taxas e Multas
467;Aparecida de Goiânia;GO;Inversões Financeiras;Ministério da Educação;3029423.2;2024-11-15;Despesa Paga;Operações de Crédito
468;Jaboatão dos Guararapes;PE;Pessoal e Encargos Sociais;Ministério da Saúde;10744172.65;2024-11-10;Despesa Empenhada;Fundo de Participação
469;Contagem;MG;Amortização da Dívida;Ministério do Esporte;12336971.82;2024-01-08;Despesa Liquidada;Contribuições Sociais
470;Ponta Grossa;PR;Amortização da Dívida;Ministério do Trabalho;10160794.68;2024-08-28;Restos a Pagar Pagos;Recursos de Concessões
471;Tarauacá;AC;Pessoal e Encargos Sociais;Ministério da Justiça;8065645.31;2024-03-26;Restos a Pagar Pagos;Contribuições Sociais
472;Rio Branco;AC;Juros e Encargos da Dívida;Ministério do Turismo;5933730.27;2024-01-25;Despesa Liquidada;Recursos Diretamente Arrecadados
473;Campina Grande;PB;Pessoal e Encargos Sociais;Ministério das Comunicações;6565119.13;2024-08-02;Despesa Liquidada;Recursos Diretamente Arrecadados
474;Aparecida de Goiânia;GO;Juros e Encargos da Dívida;Ministério da Defesa;2436354.27;2024-11-12;Despesa Paga;Recursos Diretamente Arrecadados
475;Olinda;PE;Investimentos;Ministério do Trabalho;14238469.17;2024-03-07;Despesa Liquidada;Recursos de Concessões
476;Itabaiana;SE;Inversões Financeiras;Ministério da Agricultura;3197865.75;2024-04-11;Despesa Liquidada;Taxas e Multas
477;São Cristóvão;SE;Juros e Encargos da Dívida;Ministério da Saúde;4760282.23;2024-11-02;Despesa Empenhada;Recursos Diretamente Arrecadados
478;Santa Rita;PB;Amortização da Dívida;Ministério da Agricultura;10027943.04;2024-09-16;Despesa Empenhada;Contribuições Sociais
479;Ponta Porã;MS;Inversões Financeiras;Ministério da Educação;3955697.38;2024-06-23;Despesa Empenhada;Contribuições Sociais
480;Vitória;ES;Inversões Financeiras;Ministério do Desenvolvimento Social;100970.38;2024-05-06;Despesa Liquidada;Operações de Crédito
481;Sobral;CE;Amortização da Dívida;Ministério da Justiça;9856350.2;2024-08-03;Despesa Empenhada;Operações de Crédito
482;Imperatriz;MA;Juros e Encargos da Dívida;Ministério das Comunicações;8059261.97;2024-09-15;Despesa Liquidada;Recursos de Concessões
483;Jaraguá do Sul;SC;Investimentos;Ministério da Defesa;11388707.72;2024-09-03;Despesa Paga;Fundo de Participação
484;Belo Horizonte;MG;Pessoal e Encargos Sociais;Senado Federal;6054335.18;2024-09-17;Despesa Liquidada;Recursos de Concessões
485;Floriano;PI;Investimentos;Ministério da Saúde;3464853.36;2024-12-05;Despesa Liquidada;Recursos Ordinários
486;Cruzeiro do Sul;AC;Outras Despesas Correntes;Ministério do Desenvolvimento Social;6443309.52;2024-05-23;Despesa Empenhada;Recursos de Concessões
487;Goiânia;GO;Investimentos;Ministério das Comunicações;14607167.59;2024-08-23;Restos a Pagar Pagos;Operações de Crédito
488;Maceió;AL;Inversões Financeiras;Ministério da Defesa;437410.73;2024-08-27;Despesa Empenhada;Recursos de Concessões
489;Ribeirão das Neves;MG;Juros e Encargos da Dívida;Ministério do Desenvolvimento Social;1775730.54;2024-12-18;Restos a Pagar Pagos;Recursos de Concessões
490;Vitória;ES;Amortização da Dívida;Ministério das Comunicações;16282377.2;2024-11-23;Despesa Empenhada;Recursos Diretamente Arrecadados
491;São José dos Campos;SP;Investimentos;Ministério da Fazenda;9810336.72;2024-01-02;Restos a Pagar Pagos;Doações
492;São José;SC;Investimentos;Ministério do Turismo;12413801.02;2024-01-08;Restos a Pagar Pagos;Recursos Ordinários
493;Araguaína;TO;Pessoal e Encargos Sociais;Ministério das Comunicações;39495037.33;2024-01-13;Despesa Empenhada;Taxas e Multas
494;Osasco;SP;Juros e Encargos da Dívida;Câmara dos Deputados;2881622.12;2024-05-01;Despesa Empenhada;Recursos de Concessões
495;Juiz de Fora;MG;Outras Despesas Correntes;Ministério dos Transportes;2016537.59;2024-10-24;Despesa Liquidada;Recursos Diretamente Arrecadados
496;Sorriso;MT;Pessoal e Encargos Sociais;Ministério do Trabalho;22343654.47;2024-01-14;Despesa Liquidada;Recursos de Concessões
497;Caruaru;PE;Inversões Financeiras;Ministério do Desenvolvimento Social;4390688.88;2024-05-13;Restos a Pagar Pagos;Fundo de Participação
498;Florianópolis;SC;Outras Despesas Correntes;Ministério da Justiça;9292517.89;2024-08-01;Despesa Paga;Taxas e Multas
499;Canoas;RS;Pessoal e Encargos Sociais;Senado Federal;32266707.57;2024-07-22;Restos a Pagar Pagos;Doações
500;Brasília;DF;Inversões Financeiras;Ministério da Cultura;3550399.82;2024-07-10;Despesa Empenhada;Recursos Diretamente Arrecadados
501;Boa Vista;RR;Inversões Financeiras;Ministério dos Transportes;2747240.92;2024-03-23;Despesa Liquidada;Fundo de Participação
502;Bayeux;PB;Juros e Encargos da Dívida;Ministério do Esporte;7939241.0;2024-08-21;Despesa Paga;Recursos de Concessões
503;Ananindeua;PA;Investimentos;Ministério da Justiça;3654172.25;2024-11-20;Despesa Empenhada;Recursos Ordinários
504;Cariacica;ES;Inversões Financeiras;Câmara dos Deputados;2643579.81;2024-02-25;Despesa Paga;Taxas e Multas
505;Laranjal do Jari;AP;Outras Despesas Correntes;Câmara dos Deputados;24204733.32;2024-10-26;Despesa Empenhada;Operações de Crédito
506;Ponta Grossa;PR;Inversões Financeiras;Câmara dos Deputados;485258.27;2024-11-24;Despesa Liquidada;Fundo de Participação
507;Petrolina;PE;Pessoal e Encargos Sociais;Controladoria-Geral da União;39678774.41;2024-02-10;Restos a Pagar Pagos;Recursos de Concessões
508;Manacapuru;AM;Amortização da Dívida;Ministério da Ciência e Tecnologia;10272362.54;2024-12-06;Despesa Empenhada;Doações
509;Cascavel;PR;Outras Despesas Correntes;Ministério da Agricultura;16521179.33;2024-06-23;Despesa Empenhada;Recursos Ordinários
510;Joinville;SC;Amortização da Dívida;Ministério da Saúde;1425296.07;2024-11-09;Despesa Paga;Contribuições Sociais
511;São Luís;MA;Inversões Financeiras;Ministério da Saúde;4237390.1;2024-07-05;Despesa Paga;Operações de Crédito
512;Crato;CE;Investimentos;Ministério das Comunicações;9993362.55;2024-06-05;Restos a Pagar Pagos;Contribuições Sociais
513;Santa Maria;RS;Amortização da Dívida;Ministério do Esporte;16458327.67;2024-12-02;Despesa Paga;Recursos Ordinários
514;Belém;PA;Outras Despesas Correntes;Ministério do Meio Ambiente;12991082.03;2024-02-23;Despesa Empenhada;Recursos Ordinários
515;Fortaleza;CE;Juros e Encargos da Dívida;Ministério da Cultura;5762034.65;2024-10-10;Despesa Paga;Recursos Ordinários
516;Coari;AM;Inversões Financeiras;Controladoria-Geral da União;2139436.38;2024-09-15;Despesa Liquidada;Fundo de Participação
517;Porto Velho;RO;Outras Despesas Correntes;Ministério da Defesa;12088132.97;2024-12-27;Despesa Paga;Contribuições Sociais
518;Ananindeua;PA;Outras Despesas Correntes;Ministério das Comunicações;4133089.85;2024-10-14;Despesa Paga;Recursos de Concessões
519;Crato;CE;Inversões Financeiras;Ministério da Agricultura;1764714.47;2024-10-17;Despesa Liquidada;Recursos de Concessões
520;Luziânia;GO;Amortização da Dívida;Ministério da Agricultura;12327122.74;2024-02-17;Despesa Liquidada;Recursos de Concessões
521;Cariacica;ES;Inversões Financeiras;Ministério da Saúde;4530228.87;2024-01-09;Despesa Liquidada;Recursos de Concessões
522;Santa Rita;PB;Outras Despesas Correntes;Ministério da Cultura;4289633.31;2024-04-21;Despesa Liquidada;Recursos Ordinários
523;Feira de Santana;BA;Juros e Encargos da Dívida;Ministério da Agricultura;7098862.72;2024-12-28;Restos a Pagar Pagos;Contribuições Sociais
524;Gravataí;RS;Amortização da Dívida;Ministério da Defesa;14499252.48;2024-08-06;Restos a Pagar Pagos;Contribuições Sociais
525;Recife;PE;Amortização da Dívida;Ministério da Saúde;8683334.35;2024-11-06;Restos a Pagar Pagos;Recursos de Concessões
526;Caruaru;PE;Investimentos;Ministério das Comunicações;10373180.62;2024-01-24;Restos a Pagar Pagos;Doações
527;Curitiba;PR;Amortização da Dívida;Ministério do Esporte;5977488.9;2024-01-18;Restos a Pagar Pagos;Taxas e Multas
528;Itabuna;BA;Outras Despesas Correntes;Ministério das Comunicações;20169978.58;2024-03-11;Restos a Pagar Pagos;Fundo de Participação
529;Feira de Santana;BA;Pessoal e Encargos Sociais;Ministério do Esporte;22799933.38;2024-10-16;Despesa Paga;Recursos Ordinários
530;João Pessoa;PB;Amortização da Dívida;Ministério das Comunicações;6429348.61;2024-05-08;Despesa Empenhada;Taxas e Multas
531;Natal;RN;Outras Despesas Correntes;Câmara dos Deputados;21575620.71;2024-02-22;Despesa Liquidada;Recursos Diretamente Arrecadados
532;Parintins;AM;Juros e Encargos da Dívida;Ministério da Ciência e Tecnologia;8184207.4;2024-08-12;Despesa Paga;Taxas e Multas
533;Belford Roxo;RJ;Outras Despesas Correntes;Ministério do Meio Ambiente;23612671.34;2024-12-24;Restos a Pagar Pagos;Doações
534;São Cristóvão;SE;Pessoal e Encargos Sociais;Ministério da Defesa;21610054.39;2024-03-23;Restos a Pagar Pagos;Operações de Crédito
535;Dourados;MS;Pessoal e Encargos Sociais;Ministério da Ciência e Tecnologia;29558287.15;2024-12-27;Restos a Pagar Pagos;Contribuições Sociais
536;Luziânia;GO;Amortização da Dívida;Senado Federal;3721066.42;2024-03-14;Despesa Empenhada;Contribuições Sociais
537;Penedo;AL;Amortização da Dívida;Tribunal de Contas da União;6057637.17;2024-11-04;Despesa Liquidada;Doações
538;Betim;MG;Amortização da Dívida;Presidência da República;18297381.81;2024-12-20;Despesa Liquidada;Recursos Diretamente Arrecadados
539;Itapipoca;CE;Juros e Encargos da Dívida;Ministério do Trabalho;7568915.2;2024-01-22;Despesa Empenhada;Doações
540;Paraíso do Tocantins;TO;Pessoal e Encargos Sociais;Ministério da Ciência e Tecnologia;6077616.56;2024-03-22;Restos a Pagar Pagos;Fundo de Participação
541;Florianópolis;SC;Amortização da Dívida;Tribunal de Contas da União;4316318.74;2024-09-17;Despesa Paga;Fundo de Participação
542;Ji-Paraná;RO;Pessoal e Encargos Sociais;Ministério da Justiça;46049312.41;2024-11-22;Restos a Pagar Pagos;Recursos Ordinários
543;Anápolis;GO;Juros e Encargos da Dívida;Ministério do Trabalho;7957594.2;2024-09-08;Despesa Empenhada;Taxas e Multas
544;Ananindeua;PA;Amortização da Dívida;Ministério da Saúde;16973052.88;2024-11-10;Despesa Liquidada;Taxas e Multas
545;Belford Roxo;RJ;Outras Despesas Correntes;Ministério da Fazenda;20451489.36;2024-06-16;Restos a Pagar Pagos;Fundo de Participação
546;Timon;MA;Outras Despesas Correntes;Ministério da Educação;8771384.18;2024-12-03;Despesa Paga;Fundo de Participação
547;Juiz de Fora;MG;Inversões Financeiras;Presidência da República;243951.64;2024-06-21;Restos a Pagar Pagos;Operações de Crédito
548;Santos;SP;Outras Despesas Correntes;Ministério do Esporte;20828200.46;2024-11-25;Despesa Paga;Doações
549;Ilhéus;BA;Inversões Financeiras;Ministério da Cultura;3102354.74;2024-04-16;Despesa Liquidada;Taxas e Multas
550;Camaçari;BA;Inversões Financeiras;Ministério da Educação;3817913.93;2024-03-16;Restos a Pagar Pagos;Doações
551;Porto Alegre;RS;Investimentos;Ministério do Meio Ambiente;183501.35;2024-01-19;Restos a Pagar Pagos;Recursos de Concessões
552;Manaus;AM;Juros e Encargos da Dívida;Ministério dos Transportes;1699661.57;2024-08-18;Restos a Pagar Pagos;Recursos Ordinários
553;Montes Claros;MG;Pessoal e Encargos Sociais;Ministério dos Transportes;27888922.4;2024-10-19;Restos a Pagar Pagos;Doações
554;Campinas;SP;Inversões Financeiras;Senado Federal;2241327.25;2024-04-22;Despesa Paga;Doações
555;Lauro de Freitas;BA;Investimentos;Ministério da Justiça;7912968.75;2024-08-01;Despesa Liquidada;Recursos Diretamente Arrecadados
556;Abaetetuba;PA;Juros e Encargos da Dívida;Controladoria-Geral da União;4189262.35;2024-06-15;Despesa Empenhada;Contribuições Sociais
557;Cuiabá;MT;Investimentos;Ministério da Justiça;6600580.78;2024-12-15;Despesa Paga;Contribuições Sociais
558;Cascavel;PR;Investimentos;Ministério da Ciência e Tecnologia;10765979.32;2024-02-25;Restos a Pagar Pagos;Recursos Ordinários
559;Paço do Lumiar;MA;Outras Despesas Correntes;Ministério do Trabalho;12281415.07;2024-09-23;Despesa Paga;Contribuições Sociais
560;Tarauacá;AC;Inversões Financeiras;Ministério da Justiça;4353887.66;2024-05-27;Despesa Liquidada;Recursos de Concessões
561;Santa Maria;RS;Inversões Financeiras;Ministério das Comunicações;3291084.09;2024-09-20;Restos a Pagar Pagos;Operações de Crédito
562;Caxias do Sul;RS;Pessoal e Encargos Sociais;Ministério da Cultura;18229291.11;2024-03-09;Despesa Empenhada;Fundo de Participação
563;Santa Maria;RS;Amortização da Dívida;Ministério do Esporte;17668197.99;2024-03-26;Despesa Liquidada;Recursos Diretamente Arrecadados
564;Várzea Grande;MT;Inversões Financeiras;Ministério da Justiça;1746143.94;2024-08-20;Despesa Liquidada;Doações
565;Paulista;PE;Inversões Financeiras;Ministério da Saúde;876949.41;2024-04-27;Despesa Empenhada;Taxas e Multas
566;Cascavel;PR;Outras Despesas Correntes;Ministério da Educação;24534342.86;2024-08-11;Restos a Pagar Pagos;Operações de Crédito
567;Palmeira dos Índios;AL;Pessoal e Encargos Sociais;Senado Federal;24101031.6;2024-09-06;Despesa Empenhada;Contribuições Sociais
568;Maracanaú;CE;Pessoal e Encargos Sociais;Ministério do Trabalho;13635691.66;2024-03-24;Restos a Pagar Pagos;Contribuições Sociais
569;Linhares;ES;Amortização da Dívida;Ministério do Trabalho;16248803.87;2024-02-23;Restos a Pagar Pagos;Recursos Ordinários
570;Novo Hamburgo;RS;Juros e Encargos da Dívida;Ministério da Defesa;2735945.2;2024-07-11;Despesa Empenhada;Contribuições Sociais
571;Niterói;RJ;Juros e Encargos da Dívida;Ministério do Meio Ambiente;6207160.74;2024-05-07;Despesa Empenhada;Recursos de Concessões
572;Joinville;SC;Juros e Encargos da Dívida;Controladoria-Geral da União;3118782.48;2024-08-13;Despesa Liquidada;Recursos Ordinários
573;Chapecó;SC;Pessoal e Encargos Sociais;Ministério do Trabalho;46391608.71;2024-08-28;Restos a Pagar Pagos;Operações de Crédito
574;Fortaleza;CE;Amortização da Dívida;Ministério da Cultura;5562159.57;2024-10-28;Despesa Empenhada;Fundo de Participação
575;Imperatriz;MA;Juros e Encargos da Dívida;Ministério da Justiça;3999646.76;2024-06-18;Despesa Paga;Recursos de Concessões
576;Londrina;PR;Pessoal e Encargos Sociais;Ministério do Trabalho;43769952.23;2024-05-12;Despesa Paga;Recursos Diretamente Arrecadados
577;Floriano;PI;Inversões Financeiras;Controladoria-Geral da União;853233.86;2024-06-23;Despesa Empenhada;Recursos Diretamente Arrecadados
578;Ariquemes;RO;Outras Despesas Correntes;Câmara dos Deputados;25882892.29;2024-03-18;Despesa Paga;Taxas e Multas
579;Tarauacá;AC;Amortização da Dívida;Ministério da Justiça;13666036.34;2024-09-25;Despesa Paga;Operações de Crédito
580;Itabuna;BA;Outras Despesas Correntes;Ministério da Cultura;24444267.84;2024-09-02;Restos a Pagar Pagos;Contribuições Sociais
581;Belo Horizonte;MG;Investimentos;Câmara dos Deputados;5635691.39;2024-12-18;Restos a Pagar Pagos;Taxas e Multas
582;Aparecida de Goiânia;GO;Pessoal e Encargos Sociais;Ministério da Fazenda;42509130.84;2024-11-26;Restos a Pagar Pagos;Recursos Ordinários
583;Duque de Caxias;RJ;Amortização da Dívida;Ministério da Fazenda;572683.63;2024-12-11;Despesa Empenhada;Contribuições Sociais
584;Santos;SP;Pessoal e Encargos Sociais;Ministério da Defesa;42893820.8;2024-03-13;Despesa Liquidada;Contribuições Sociais
585;Itapipoca;CE;Outras Despesas Correntes;Senado Federal;6939541.01;2024-07-28;Despesa Empenhada;Doações
586;Feira de Santana;BA;Outras Despesas Correntes;Ministério da Defesa;4880301.38;2024-03-18;Despesa Empenhada;Recursos de Concessões
587;Ponta Grossa;PR;Inversões Financeiras;Ministério da Cultura;2022352.2;2024-04-03;Restos a Pagar Pagos;Fundo de Participação
588;Sobral;CE;Inversões Financeiras;Ministério da Fazenda;337754.34;2024-05-20;Despesa Paga;Recursos Diretamente Arrecadados
589;Timon;MA;Outras Despesas Correntes;Ministério da Agricultura;21206047.92;2024-12-23;Restos a Pagar Pagos;Operações de Crédito
590;Cacoal;RO;Amortização da Dívida;Ministério da Defesa;4290372.68;2024-07-04;Despesa Empenhada;Contribuições Sociais
591;Osasco;SP;Pessoal e Encargos Sociais;Ministério da Fazenda;29979432.55;2024-03-27;Restos a Pagar Pagos;Recursos Diretamente Arrecadados
592;Ceará-Mirim;RN;Juros e Encargos da Dívida;Câmara dos Deputados;9634265.68;2024-08-13;Despesa Empenhada;Doações
593;São Gonçalo do Amarante;RN;Inversões Financeiras;Tribunal de Contas da União;2417514.11;2024-06-18;Restos a Pagar Pagos;Doações
594;Ji-Paraná;RO;Inversões Financeiras;Ministério dos Transportes;2459118.7;2024-09-09;Restos a Pagar Pagos;Taxas e Multas
595;Jaboatão dos Guararapes;PE;Pessoal e Encargos Sociais;Ministério da Agricultura;39351390.37;2024-08-16;Despesa Paga;Contribuições Sociais
596;Araguaína;TO;Amortização da Dívida;Controladoria-Geral da União;9221570.26;2024-11-28;Despesa Liquidada;Taxas e Multas
597;Penedo;AL;Outras Despesas Correntes;Ministério do Trabalho;13257900.28;2024-09-23;Despesa Paga;Recursos Ordinários
598;Osasco;SP;Inversões Financeiras;Ministério da Fazenda;3299186.65;2024-06-26;Despesa Liquidada;Doações
599;Fortaleza;CE;Investimentos;Ministério da Educação;8714628.39;2024-12-05;Despesa Empenhada;Doações
600;Ariquemes;RO;Outras Despesas Correntes;Presidência da República;28764099.15;2024-06-12;Despesa Liquidada;Fundo de Participação
