ID;Data_Reclamacao;Consumidor;CPF;Cidade;UF;Categoria;Empresa;Descricao_Problema;Status;Nota_Consumidor;Tempo_Resposta_Dias
1;13/2/2024;Rafael Martins;546.145.594-78;Maceió;AL;Correios e Entregas;CLARO;Falta de resposta;Finalizado não avaliado;N/A;
2;2024-12-14;Bruno Carvalho;223.862.520-27;Ananindeua;PA;Alimentação - Delivery;Claro/Net;Voo cancelado sem aviso;Em análise;2;2
3;14.09.2023;Juliana Costa;950.746.773-59;Santana;AP;Alimentação - Delivery;Amazon Brasil;Atendimento precário;Finalizado avaliado;5;3
4;13/9/2024;Felipe Ribeiro;452 770 233 34;Linhares;ES;Transporte Aéreo;Correios;Erro no aplicativo;Em análise;5;77
5;03-10-2024;Maria Silva;881 818 170 17;Chapecó;SC;Bancos e Financeiras;gol linhas aéreas;Voo cancelado sem aviso;Finalizado avaliado;4;71
6;08/04/2024;Juliana Costa;721-712-774-89;Dourados;MS;Seguros;Bradesco;Conta contestada;Em análise;N/A;22
7;2024-11-15;JOÃO SANTOS;370.781.368-77;Camaçari;BA;Telecomunicações - Internet;LATAM Airlines;Serviço não prestado;Resolvido;4;-3
8;22.03.2024;Ana Oliveira;562.318.977-30;Lauro de Freitas;BA;Alimentação - Delivery;SABESP;Atendimento precário;Finalizado não avaliado;1;7
9;25-11-2024;Camila Rodrigues;906-437-435-84;Petrolina;PE;Seguros;Banco do Brasil;Estorno não realizado;Finalizado avaliado;4;N/A
10;28/04/2024;Fernanda Pereira;355 185 440 92;Manaus;AM;Telecomunicações - Internet;magalu;Produto não entregue;Em análise;N/A;42
11;2023-10-04;Vanessa Gomes;72863756010;Samambaia;DF;Água e Esgoto;CAIXA ECONÔMICA;Conta contestada;Em análise;3;79
12;27/12/2023;Daniela Araújo;937-295-107-78;Santana;AP;Energia Elétrica;Claro/Net;Defeito no produto;Finalizado avaliado;4;
13;2023-02-24;Maria Silva;892.244.703-35;Vilhena;RO;Bancos e Financeiras;Telefonica Brasil;Conta contestada;Em andamento;2;2
14;10/01/2023;Amanda Dias;49028060664;Cuiabá;MT;Alimentação - Delivery;MAGAZINE LUIZA;Produto diferente do anunciado;Não Resolvido;1;59
15;2024-06-15;Rafael Martins;917 393 789 44;Sobral;CE;Telecomunicações - Telefonia Móvel;AMAZON BRASIL;Voo cancelado sem aviso;Finalizado não avaliado;3;51
16;01-06-2023;Pedro Lima;780.699.595-71;Guarulhos;SP;Correios e Entregas;Sabesp;Qualidade abaixo do esperado;Finalizado não avaliado;1;N/A
17;02/01/2023;Felipe Ribeiro;331.601.718-72;Linhares;ES;Cartões de Crédito/Débito;Banco do Brasil;Internet instável;Finalizado avaliado;1;75
18;17/11/2024;Lucas Nascimento;672-827-843-38;Manacapuru;AM;Telecomunicações - Telefonia Móvel;cvc viagens;Estorno não realizado;Em análise;1;53
19;3/3/2023;Carlos Souza;19092922996;Floriano;PI;Água e Esgoto;Mercadolivre;Conta contestada;Resolvido;4;
20;15-06-2023;Gustavo Rocha;892-404-679-46;Olinda;PE;Energia Elétrica;claro / net;Atendimento precário;Finalizado não avaliado;4;54
21;2024-08-25;Daniela Araújo;459.304.405-21;Santa Rita;PB;Água e Esgoto;tim;Produto não entregue;Resolvido;4;27
22;25.01.2023;Amanda Dias;756.489.806-88;Joinville;SC;Telecomunicações - Internet;Net Virtua;Internet instável;Finalizado avaliado;4;21
23;24-02-2023;Roberto Almeida;542 657 638 95;Floriano;PI;Transporte Aéreo;Enel;Conta contestada;Não Resolvido;5;82
24;23-11-2023;PATRÍCIA MENDES;83873094185;Recife;PE;Telecomunicações - Telefonia Móvel;MAGAZINE LUIZA;Dificuldade de cancelamento;Em análise;3;N/A
25;21/5/2023;Camila Rodrigues;65646033722;Sorriso;MT;Seguros;Mercado Livre;Cobrança após cancelamento;Finalizado não avaliado;2;
26;27/5/2023;Ana Oliveira;297 578 139 50;Plano Piloto;DF;Eletrônicos e Celulares;uber;Erro no aplicativo;Não Resolvido;N/A;88
27;24-02-2024;Roberto Almeida;41555123181;São José dos Campos;SP;Cartões de Crédito/Débito;Azul;Atraso na entrega;Em andamento;3;
28;27/03/2024;Vanessa Gomes;868-335-461-49;Coari;AM;Correios e Entregas;cpfl energia;Serviço não prestado;Não Resolvido;1;21
29;08/05/2023;DANIELA ARAÚJO;21238955740;Santa Rita;PB;Viagens e Turismo;CASAS BAHIA;Voo cancelado sem aviso;Não Resolvido;4;57
30;17.12.2024;Fernanda Pereira;664-333-943-30;Uberlândia;MG;Eletrônicos e Celulares;CPFL ENERGIA;Produto não entregue;Resolvido;3;0
31;15/7/2023;Ana Oliveira;822-751-398-77;São José dos Pinhais;PR;Correios e Entregas;Caixa Econômica;Falta de resposta;Finalizado avaliado;5;84
32;16-12-2024;Patrícia Mendes;96748777396;Paraíso do Tocantins;TO;Telecomunicações - TV por Assinatura;enel;Produto não entregue;Não Resolvido;4;86
33;19/01/2023;Lucas Nascimento;354.638.325-95;Várzea Grande;MT;Alimentação - Delivery;CLARO;Atendimento precário;Resolvido;2;41
34;3/2/2023;Bruno Carvalho;885-820-847-79;Nossa Senhora do Socorro;SE;Correios e Entregas;enel;Cobrança após cancelamento;Resolvido;5;29
35;24/4/2023;João Santos;915 518 481 60;Porto Velho;RO;Eletrônicos e Celulares;SAMSUNG;Atraso na entrega;Em andamento;5;44
36;2024-04-05;Daniela Araújo;908.270.660-28;Paulista;PE;Seguros;uber;Cobrança indevida;Resolvido;4;67
37;21/10/2024;Daniela Araújo;36844850765;Palmeira dos Índios;AL;Eletrônicos e Celulares;CPFL Energia;Voo cancelado sem aviso;Em análise;3;-1
38;27/07/2023;Felipe Ribeiro;703-335-358-45;Ceilândia;DF;Bancos e Financeiras;VIVO;Cobrança após cancelamento;Em andamento;5;-1
39;23.10.2024;Felipe Ribeiro;628.437.741-91;Aparecida de Goiânia;GO;Seguros;CASAS BAHIA;Qualidade abaixo do esperado;Finalizado não avaliado;N/A;
40;2024-02-22;Carlos Souza;925-803-960-69;Brasília;DF;Correios e Entregas;ifood;Falta de resposta;Finalizado não avaliado;2;4
41;26/02/2023;Lucas Nascimento;405-567-993-55;Colombo;PR;Telecomunicações - TV por Assinatura;motorola;Cobrança indevida;Finalizado avaliado;1;10
42;3/10/2024;Ana Oliveira;714-291-210-46;Canoas;RS;Seguros;Americanas S.A.;Conta contestada;Em análise;3;-2
43;25.02.2023;Carlos Souza;284 321 569 10;Santos;SP;Cartões de Crédito/Débito;cpfl energia;Produto diferente do anunciado;Em análise;5;80
44;28/08/2024;Daniela Araújo;102.819.221-70;Cascavel;PR;Energia Elétrica;Uber;Internet instável;Em andamento;3;6
45;5/11/2023;Amanda Dias;332 443 188 65;Lagarto;SE;Eletrônicos e Celulares;CVC Viagens;Atraso na entrega;Em andamento;3;62
46;2023-04-17;Vanessa Gomes;846-711-286-93;Belém;PA;Transporte Aéreo;CPFL ENERGIA;Qualidade abaixo do esperado;Finalizado avaliado;;71
47;2023-05-15;Felipe Ribeiro;429-370-670-15;Santana;AP;Bancos e Financeiras;ITAÚ;Erro no aplicativo;Não Resolvido;4;N/A
48;13-05-2023;Ana Oliveira;868 555 352 95;Cachoeiro de Itapemirim;ES;Transporte por Aplicativo;Magazine Luiza;Cobrança após cancelamento;Finalizado avaliado;;
49;15-11-2023;Roberto Almeida;506-680-177-51;Vitória da Conquista;BA;Energia Elétrica;oi fixo;Erro no aplicativo;Em andamento;5;15
50;1/7/2024;Camila Rodrigues;723-846-652-45;Pelotas;RS;Transporte por Aplicativo;tim;Falta de resposta;Em andamento;1;-2
51;20/5/2023;Carlos Souza;441-758-358-69;Macapá;AP;Telecomunicações - Internet;LATAM Airlines;Dados incorretos na fatura;Finalizado avaliado;2;10
52;2023-07-17;Fernanda Pereira;523-368-882-24;Ji-Paraná;RO;Telecomunicações - TV por Assinatura;CPFL Energia;Serviço não prestado;Finalizado avaliado;2;81
53;11.07.2024;Gustavo Rocha;83036420572;Tangará da Serra;MT;Transporte por Aplicativo;BRADESCO;Propaganda enganosa;Resolvido;1;N/A
54;2024-05-10;Ana Oliveira;434 243 585 60;Colombo;PR;Transporte Aéreo;Enel;Propaganda enganosa;Em análise;1;21
55;14.10.2023;Roberto Almeida;938-348-383-84;Guarulhos;SP;Bancos e Financeiras;LATAM AIRLINES;Dificuldade de cancelamento;Em andamento;3;12
56;27/11/2023;Maria Silva;470 433 410 88;Rondonópolis;MT;Transporte por Aplicativo;Samsung;Falta de resposta;Resolvido;2;56
57;1/11/2024;Lucas Nascimento;581-559-535-21;Sinop;MT;Eletrônicos e Celulares;tim;Conta contestada;Finalizado não avaliado;5;75
58;2024-07-01;Ana Oliveira;22387649959;Várzea Grande;MT;Transporte Aéreo;APPLE;Conta contestada;Finalizado não avaliado;2;67
59;22/03/2023;Roberto Almeida;466-226-233-80;Boa Vista;RR;Alimentação - Delivery;vivo telefonica;Defeito no produto;Não Resolvido;3;84
60;12/11/2023;Gustavo Rocha;930 762 327 42;Cabo de Santo Agostinho;PE;Água e Esgoto;Mercadolivre;Produto diferente do anunciado;Finalizado avaliado;1;17
61;26.12.2024;Camila Rodrigues;287.542.454-47;Paço do Lumiar;MA;Cartões de Crédito/Débito;iFood;Serviço não prestado;Em andamento;4;27
62;24-01-2024;Roberto Almeida;569.314.156-45;Santa Maria;RS;Transporte por Aplicativo;Enel;Produto não entregue;Em andamento;2;33
63;2023-01-22;Roberto Almeida;820.799.732-32;Caracaraí;RR;Telecomunicações - TV por Assinatura;SAMSUNG;Falta de resposta;Em análise;4;N/A
64;13/09/2023;João Santos;93013580596;Paulista;PE;Telecomunicações - Telefonia Móvel;SKY BRASIL;Cobrança indevida;Em análise;1;86
65;23-05-2023;Pedro Lima;790 182 766 34;Itajaí;SC;Água e Esgoto;latam airlines;Cobrança indevida;Finalizado avaliado;5;
66;11/01/2024;Ana Oliveira;628.206.213-81;Goiânia;GO;Bancos e Financeiras;Caixa Econômica;Internet instável;Finalizado avaliado;4;30
67;2023-03-06;Maria Silva;511 777 758 86;Palmeira dos Índios;AL;Água e Esgoto;Caixa Econômica;Internet instável;Em andamento;5;53
68;13/08/2024;Carlos Souza;228 799 829 89;Manacapuru;AM;Energia Elétrica;Net Virtua;Produto diferente do anunciado;Finalizado não avaliado;5;
69;08/05/2023;Daniela Araújo;21238955740;Santa Rita;PB;Viagens e Turismo;CASAS BAHIA;Voo cancelado sem aviso;Não Resolvido;4;57
70;3/8/2024;Roberto Almeida;48861887142;Três Lagoas;MS;Energia Elétrica;itau;Cobrança após cancelamento;Em andamento;5;
71;23.07.2024;Rafael Martins;643-620-622-66;Campinas;SP;Energia Elétrica;banco do brasil;Produto não entregue;Finalizado avaliado;4;31
72;13.02.2023;Patrícia Mendes;460.617.151-35;Parnaíba;PI;Transporte por Aplicativo;RAPPI;Falta de resposta;Finalizado avaliado;;49
73;03/03/2024;João Santos;17734995080;Sorocaba;SP;Telecomunicações - Internet;uber;Cobrança após cancelamento;Finalizado avaliado;5;41
74;05-11-2023;Thiago Ferreira;59134845064;Ariquemes;RO;Eletrônicos e Celulares;cpfl energia;Dificuldade de cancelamento;Em análise;3;5
75;25/7/2024;Juliana Costa;64292110651;Aparecida de Goiânia;GO;Comércio Eletrônico;americanas;Falta de resposta;Finalizado não avaliado;N/A;
76;27-05-2023;Carlos Souza;144.521.469-18;Ceilândia;DF;Telecomunicações - TV por Assinatura;MAGAZINE LUIZA;Dificuldade de cancelamento;Resolvido;1;2
77;01/08/2024;Thiago Ferreira;79855473235;Recife;PE;Cartões de Crédito/Débito;latam airlines;Internet instável;Finalizado avaliado;1;43
78;06-02-2024;Bruno Carvalho;836-839-880-31;Caracaraí;RR;Cartões de Crédito/Débito;CPFL ENERGIA;Qualidade abaixo do esperado;Finalizado avaliado;1;33
79;01-12-2023;Rafael Martins;559-674-331-44;Chapecó;SC;Energia Elétrica;Sky Brasil;Cobrança após cancelamento;Em andamento;1;
80;2023-02-24;MARIA SILVA;892.244.703-35;Vilhena;RO;Bancos e Financeiras;Telefonica Brasil;Conta contestada;Em andamento;2;2
81;06-10-2023;Felipe Ribeiro;953 972 764 17;Blumenau;SC;Telecomunicações - TV por Assinatura;americanas;Internet instável;Em andamento;N/A;1
82;18-11-2024;Camila Rodrigues;61830390547;Colombo;PR;Bancos e Financeiras;B2W - Americanas;Conta contestada;Em análise;4;54
83;06.08.2023;Roberto Almeida;42083045929;São Luís;MA;Telecomunicações - TV por Assinatura;GOL LINHAS AÉREAS;Dados incorretos na fatura;Resolvido;5;46
84;25/09/2024;Vanessa Gomes;96312155715;Rio Branco;AC;Telecomunicações - Telefonia Móvel;Banco Bradesco;Serviço não prestado;Finalizado não avaliado;4;66
85;08-07-2023;João Santos;875-769-310-82;Patos;PB;Transporte por Aplicativo;APPLE;Qualidade abaixo do esperado;Resolvido;3;
86;2023-11-22;Daniela Araújo;684-410-236-16;Serra;ES;Eletrônicos e Celulares;americanas;Qualidade abaixo do esperado;Não Resolvido;4;77
87;25/2/2023;Pedro Lima;16295521260;Nova Iguaçu;RJ;Viagens e Turismo;B2W - Americanas;Cobrança após cancelamento;Não Resolvido;4;84
88;16.09.2024;Amanda Dias;772.217.495-41;Mossoró;RN;Alimentação - Delivery;Vivo;Estorno não realizado;Finalizado avaliado;5;
89;13/11/2024;Felipe Ribeiro;81191669984;Vitória;ES;Comércio Eletrônico;Sabesp;Falta de resposta;Em andamento;2;50
90;25-07-2024;Daniela Araújo;681 679 759 62;Paulista;PE;Telecomunicações - Internet;GOL LINHAS AÉREAS;Estorno não realizado;Resolvido;1;80
91;22/10/2024;Gustavo Rocha;611 590 187 52;Ceará-Mirim;RN;Cartões de Crédito/Débito;99;Falta de resposta;Finalizado não avaliado;5;
92;27-03-2024;Rafael Martins;766 147 227 60;Ceará-Mirim;RN;Transporte Aéreo;enel;Voo cancelado sem aviso;Em análise;5;88
93;2023-04-01;Camila Rodrigues;53553866172;Curitiba;PR;Energia Elétrica;tim;Qualidade abaixo do esperado;Não Resolvido;5;44
94;06-02-2023;Roberto Almeida;303.348.431-44;Rio Branco;AC;Energia Elétrica;caixa econômica;Cobrança indevida;Finalizado não avaliado;1;27
95;28/8/2023;Roberto Almeida;796.712.700-80;Serra;ES;Seguros;GOL LINHAS AÉREAS;Propaganda enganosa;Em análise;N/A;28
96;2024-03-23;Fernanda Pereira;225 437 956 30;Campos dos Goytacazes;RJ;Eletrônicos e Celulares;oi fixo;Dados incorretos na fatura;Resolvido;4;18
97;20-03-2024;Lucas Nascimento;302-744-450-48;Itapipoca;CE;Bancos e Financeiras;CAIXA ECONÔMICA;Produto diferente do anunciado;Não Resolvido;3;N/A
98;27/4/2024;Maria Silva;474.472.672-92;São Gonçalo do Amarante;RN;Transporte Aéreo;iFood;Internet instável;Finalizado avaliado;3;
99;03/06/2024;Amanda Dias;434 167 260 89;Ceará-Mirim;RN;Correios e Entregas;Amazon Brasil;Internet instável;Finalizado não avaliado;1;47
100;19/04/2023;Vanessa Gomes;847 516 818 53;Linhares;ES;Comércio Eletrônico;latam airlines;Atendimento precário;Em análise;3;
101;21-02-2023;Amanda Dias;386-329-417-51;Cabedelo;PB;Telecomunicações - Telefonia Móvel;Amazon Brasil;Cobrança após cancelamento;Finalizado não avaliado;5;6
102;10-12-2024;Felipe Ribeiro;395 107 305 81;Macaíba;RN;Cartões de Crédito/Débito;caixa econômica;Voo cancelado sem aviso;Finalizado avaliado;3;85
103;12/10/2024;Roberto Almeida;379 535 677 51;Goiânia;GO;Viagens e Turismo;enel;Atraso na entrega;Finalizado não avaliado;5;2
104;14/12/2023;Roberto Almeida;933.645.197-75;Águas Lindas de Goiás;GO;Telecomunicações - Telefonia Móvel;CPFL Energia;Produto não entregue;Resolvido;4;48
105;07-01-2023;Juliana Costa;23153999832;Codó;MA;Eletrônicos e Celulares;UBER;Atraso na entrega;Resolvido;1;58
106;23-11-2024;Maria Silva;719 899 836 36;Linhares;ES;Comércio Eletrônico;CVC Viagens;Propaganda enganosa;Não Resolvido;4;39
107;2024-12-15;Gustavo Rocha;343 809 171 32;Ponta Porã;MS;Seguros;T.I.M.;Qualidade abaixo do esperado;Finalizado avaliado;5;83
108;14/6/2023;Ana Oliveira;220-784-853-75;Santa Maria;RS;Cartões de Crédito/Débito;IFOOD;Falta de resposta;Em análise;1;74
109;06.08.2024;Vanessa Gomes;49044250981;Natal;RN;Correios e Entregas;Americanas;Defeito no produto;Resolvido;1;62
110;2024-01-08;Larissa Barbosa;983.322.793-37;São Gonçalo do Amarante;RN;Correios e Entregas;correios;Serviço não prestado;Em análise;1;66
111;15-12-2023;Daniela Araújo;30138727687;Campina Grande;PB;Telecomunicações - Telefonia Móvel;Azul;Atraso na entrega;Em análise;2;
112;1/8/2023;Camila Rodrigues;33856155914;Niterói;RJ;Alimentação - Delivery;OI FIXO;Defeito no produto;Finalizado não avaliado;3;15
113;23-11-2023;Patrícia Mendes;83873094185;Recife;PE;Telecomunicações - Telefonia Móvel;MAGAZINE LUIZA;Dificuldade de cancelamento;Em análise;3;N/A
114;25.03.2023;Felipe Ribeiro;525.725.737-92;Teresina;PI;Seguros;99;Produto diferente do anunciado;Finalizado não avaliado;2;58
115;2024-11-15;João Santos;370.781.368-77;Camaçari;BA;Telecomunicações - Internet;LATAM Airlines;Serviço não prestado;Resolvido;4;-3
116;19.08.2024;Felipe Ribeiro;760-511-782-58;Piripiri;PI;Comércio Eletrônico;bradesco;Internet instável;Finalizado avaliado;4;34
117;2024-05-24;Ana Oliveira;725 899 942 42;Sena Madureira;AC;Cartões de Crédito/Débito;correios;Internet instável;Não Resolvido;1;48
118;08-07-2024;Thiago Ferreira;690.200.804-29;Petrolina;PE;Seguros;VIVO;Conta contestada;Finalizado avaliado;1;
119;2023-03-16;Bruno Carvalho;808-280-572-64;Plano Piloto;DF;Água e Esgoto;cvc viagens;Propaganda enganosa;Resolvido;2;17
120;27/07/2023;Felipe Ribeiro;703-335-358-45;Ceilândia;DF;Bancos e Financeiras;VIVO;Cobrança após cancelamento;Em andamento;5;-1
121;16/8/2024;Gustavo Rocha;865-798-816-62;Paulista;PE;Telecomunicações - Internet;BANCO DO BRASIL;Voo cancelado sem aviso;Finalizado não avaliado;1;N/A
122;19-01-2023;Maria Silva;604 210 860 97;Camaçari;BA;Telecomunicações - Telefonia Móvel;Banco Bradesco;Dados incorretos na fatura;Finalizado avaliado;5;9
123;09/08/2023;Daniela Araújo;142-252-137-15;Três Lagoas;MS;Eletrônicos e Celulares;americanas;Estorno não realizado;Finalizado não avaliado;1;N/A
124;19-11-2024;Thiago Ferreira;916.518.277-83;Campinas;SP;Água e Esgoto;ENEL;Dificuldade de cancelamento;Não Resolvido;2;15
125;04-02-2023;Gustavo Rocha;254.805.994-48;Porto Nacional;TO;Água e Esgoto;SABESP;Falta de resposta;Finalizado não avaliado;;19
126;11.06.2023;Thiago Ferreira;473-762-578-97;Campo Grande;MS;Telecomunicações - TV por Assinatura;99;Serviço não prestado;Em andamento;1;7
127;24/11/2024;João Santos;91471323975;Cascavel;PR;Energia Elétrica;SKY BRASIL;Cobrança indevida;Resolvido;5;49
128;21/12/2023;Bruno Carvalho;16822812783;Dourados;MS;Correios e Entregas;LATAM AIRLINES;Produto não entregue;Não Resolvido;3;8
129;02.10.2024;Roberto Almeida;108-890-920-70;Várzea Grande;MT;Água e Esgoto;CVC Viagens;Dados incorretos na fatura;Finalizado avaliado;3;85
130;12/08/2023;Larissa Barbosa;651 719 335 40;Ceilândia;DF;Correios e Entregas;ENEL;Cobrança após cancelamento;Em andamento;;68
131;02/03/2024;Carlos Souza;361 544 463 34;Maracanaú;CE;Transporte Aéreo;Vivo;Qualidade abaixo do esperado;Em análise;2;12
132;2023-09-18;Bruno Carvalho;14660015968;Caracaraí;RR;Água e Esgoto;gol linhas aéreas;Estorno não realizado;Resolvido;2;11
133;01-04-2023;Patrícia Mendes;567.302.354-75;Piripiri;PI;Bancos e Financeiras;uber;Dificuldade de cancelamento;Resolvido;2;44
134;07.03.2024;Bruno Carvalho;572-371-836-23;Parnamirim;RN;Água e Esgoto;UBER;Internet instável;Não Resolvido;2;
135;11.09.2024;Camila Rodrigues;351.934.370-55;Floriano;PI;Transporte por Aplicativo;99;Atraso na entrega;Resolvido;2;6
136;24/9/2024;Maria Silva;152.792.580-16;Manaus;AM;Seguros;Vivo S.A.;Propaganda enganosa;Em análise;1;23
137;2024-10-22;Juliana Costa;19847660195;Três Lagoas;MS;Eletrônicos e Celulares;MAGAZINE LUIZA;Propaganda enganosa;Em andamento;3;4
138;26/5/2024;Amanda Dias;370.694.575-10;Manaus;AM;Transporte Aéreo;Mercado Livre;Internet instável;Finalizado avaliado;4;13
139;27/06/2024;Maria Silva;912 350 681 93;Bayeux;PB;Seguros;AMAZON BRASIL;Falta de resposta;Finalizado não avaliado;2;62
140;17.02.2023;Carlos Souza;414-495-131-35;Manacapuru;AM;Telecomunicações - Internet;UBER;Cobrança após cancelamento;Finalizado avaliado;1;3
141;21-03-2023;Carlos Souza;14058379976;Piripiri;PI;Alimentação - Delivery;Banco do Brasil;Produto diferente do anunciado;Finalizado não avaliado;2;55
142;08-11-2024;Maria Silva;490-565-727-83;Jaboatão dos Guararapes;PE;Seguros;99;Internet instável;Resolvido;3;5
143;2023-07-21;Patrícia Mendes;386-313-943-28;Coari;AM;Alimentação - Delivery;NET;Atendimento precário;Em análise;5;83
144;2023-11-10;Gustavo Rocha;643 139 415 74;São Bernardo do Campo;SP;Seguros;cpfl energia;Conta contestada;Em análise;1;
145;10.12.2024;Lucas Nascimento;170.976.893-93;Macapá;AP;Telecomunicações - Telefonia Móvel;sky brasil;Atendimento precário;Não Resolvido;4;41
146;2023-05-28;Carlos Souza;214 245 344 94;Parnamirim;RN;Alimentação - Delivery;Bradesco;Propaganda enganosa;Finalizado não avaliado;3;
147;2024-07-10;Maria Silva;93449792355;Macapá;AP;Correios e Entregas;CVC VIAGENS;Propaganda enganosa;Finalizado avaliado;3;29
148;2024-03-26;Thiago Ferreira;81350926376;Taguatinga;DF;Energia Elétrica;Sky Brasil;Dificuldade de cancelamento;Resolvido;3;23
149;2023-11-06;Rafael Martins;963.614.905-69;Serra;ES;Viagens e Turismo;SKY BRASIL;Voo cancelado sem aviso;Finalizado avaliado;4;70
150;23.09.2023;Rafael Martins;944.885.850-99;Arapiraca;AL;Eletrônicos e Celulares;Enel;Produto não entregue;Não Resolvido;2;84
151;12/11/2024;Fernanda Pereira;364.130.899-87;Uberaba;MG;Água e Esgoto;Claro/Net;Cobrança após cancelamento;Resolvido;4;9
152;27-04-2023;Juliana Costa;56075040640;Oiapoque;AP;Eletrônicos e Celulares;VIVO;Falta de resposta;Resolvido;N/A;23
153;06/04/2024;Juliana Costa;10220034078;Maceió;AL;Telecomunicações - TV por Assinatura;UBER;Conta contestada;Finalizado não avaliado;5;26
154;6/11/2023;Juliana Costa;330.900.691-95;Santarém;PA;Bancos e Financeiras;Claro/Net;Conta contestada;Finalizado avaliado;1;
155;09/07/2023;Felipe Ribeiro;368 420 696 85;Tarauacá;AC;Bancos e Financeiras;Sabesp;Atraso na entrega;Não Resolvido;3;4
156;2/4/2024;Lucas Nascimento;454.970.709-89;Patos;PB;Correios e Entregas;Net Virtua;Defeito no produto;Resolvido;2;
157;11/09/2024;João Santos;378-347-165-54;Águas Lindas de Goiás;GO;Comércio Eletrônico;TIM Celular;Internet instável;Em análise;4;43
158;2023-04-27;Patrícia Mendes;282.912.399-98;Feira de Santana;BA;Correios e Entregas;vivo telefonica;Falta de resposta;Não Resolvido;4;48
159;07-04-2023;Carlos Souza;99945677531;Petrópolis;RJ;Alimentação - Delivery;Correios;Erro no aplicativo;Não Resolvido;5;77
160;15-06-2023;Gustavo Rocha;892-404-679-46;Olinda;PE;Energia Elétrica;claro / net;Atendimento precário;Finalizado não avaliado;4;54
161;24-10-2023;Roberto Almeida;723 798 120 59;Rio Largo;AL;Alimentação - Delivery;gol linhas aéreas;Internet instável;Em andamento;4;30
162;14/09/2024;Rafael Martins;58759947482;Caruaru;PE;Energia Elétrica;IFOOD;Voo cancelado sem aviso;Finalizado não avaliado;2;40
163;04.05.2023;Carlos Souza;288 468 180 94;Corumbá;MS;Transporte por Aplicativo;AZUL;Cobrança indevida;Em análise;5;
164;2024-08-22;Rafael Martins;532 392 975 12;Blumenau;SC;Telecomunicações - TV por Assinatura;samsung;Voo cancelado sem aviso;Em análise;4;N/A
165;25/10/2023;João Santos;32652290086;Três Lagoas;MS;Seguros;Apple;Internet instável;Em andamento;5;0
166;6/7/2024;Lucas Nascimento;340 458 377 17;Juiz de Fora;MG;Transporte por Aplicativo;ifood;Produto não entregue;Resolvido;5;87
167;21-05-2024;Larissa Barbosa;44451036023;Vitória da Conquista;BA;Transporte por Aplicativo;americanas;Estorno não realizado;Finalizado avaliado;2;51
168;23/12/2023;Roberto Almeida;56495044441;Imperatriz;MA;Telecomunicações - Telefonia Móvel;Claro / NET;Erro no aplicativo;Finalizado avaliado;2;34
169;15-04-2023;Amanda Dias;359 653 928 39;Viamão;RS;Telecomunicações - Internet;Claro;Conta contestada;Finalizado avaliado;4;15
170;28-08-2023;Bruno Carvalho;828 397 142 40;Cruzeiro do Sul;AC;Comércio Eletrônico;MOTOROLA;Dificuldade de cancelamento;Em análise;4;47
171;14.08.2023;Fernanda Pereira;698 968 313 42;Boa Vista;RR;Telecomunicações - Telefonia Móvel;Itaú Unibanco;Voo cancelado sem aviso;Finalizado não avaliado;3;21
172;2023-03-14;RAFAEL MARTINS;916.184.461-41;Parauapebas;PA;Transporte por Aplicativo;amazon brasil;Conta contestada;Em análise;5;60
173;2023-08-01;Vanessa Gomes;935 631 705 44;Bayeux;PB;Transporte Aéreo;Magazine luiza;Qualidade abaixo do esperado;Finalizado avaliado;3;-5
174;24-04-2024;Maria Silva;343.650.678-96;Oiapoque;AP;Viagens e Turismo;BANCO DO BRASIL;Produto diferente do anunciado;Em andamento;4;60
175;04-01-2024;Larissa Barbosa;829 321 611 46;Três Lagoas;MS;Telecomunicações - Telefonia Móvel;SAMSUNG;Voo cancelado sem aviso;Finalizado avaliado;1;78
176;6/4/2024;Thiago Ferreira;554.361.371-52;Várzea Grande;MT;Correios e Entregas;Magazine Luiza;Qualidade abaixo do esperado;Em andamento;3;32
177;16/8/2023;Camila Rodrigues;142-781-153-37;Dourados;MS;Água e Esgoto;Sky Brasil;Qualidade abaixo do esperado;Em análise;4;45
178;16/02/2024;Ana Oliveira;38993647624;Ilhéus;BA;Bancos e Financeiras;MercadoLivre;Atendimento precário;Em análise;1;37
179;09.05.2023;Fernanda Pereira;543 986 436 94;Luziânia;GO;Transporte por Aplicativo;CPFL ENERGIA;Cobrança indevida;Não Resolvido;1;24
180;14/6/2023;Lucas Nascimento;558-258-747-34;Joinville;SC;Viagens e Turismo;latam airlines;Cobrança indevida;Finalizado não avaliado;1;67
181;01.09.2024;Roberto Almeida;981 248 649 56;Plano Piloto;DF;Telecomunicações - TV por Assinatura;LATAM AIRLINES;Produto diferente do anunciado;Finalizado avaliado;5;45
182;28/11/2023;Camila Rodrigues;168-507-382-77;Jaraguá do Sul;SC;Cartões de Crédito/Débito;americanas;Qualidade abaixo do esperado;Em análise;1;35
183;14/1/2024;João Santos;39466512932;Piripiri;PI;Transporte Aéreo;Claro/Net;Conta contestada;Em andamento;5;62
184;2023-02-17;Lucas Nascimento;704 124 866 46;Natal;RN;Cartões de Crédito/Débito;oi fixo;Estorno não realizado;Não Resolvido;4;
185;09.01.2023;Maria Silva;32148666481;Tangará da Serra;MT;Seguros;99;Atendimento precário;Finalizado avaliado;2;N/A
186;06-01-2024;Thiago Ferreira;78487588692;Nova Iguaçu;RJ;Telecomunicações - Telefonia Móvel;LIGHT;Serviço não prestado;Finalizado avaliado;1;52
187;03-02-2024;Felipe Ribeiro;94374018284;Águas Lindas de Goiás;GO;Telecomunicações - Telefonia Móvel;CVC VIAGENS;Atraso na entrega;Em andamento;4;
188;28/7/2024;Camila Rodrigues;987.241.174-26;Bayeux;PB;Comércio Eletrônico;CVC Viagens;Produto diferente do anunciado;Finalizado avaliado;;24
189;2023-06-18;Maria Silva;24498596387;Novo Hamburgo;RS;Energia Elétrica;americanas;Voo cancelado sem aviso;Resolvido;5;39
190;03-07-2024;Pedro Lima;269-398-748-23;Aracaju;SE;Telecomunicações - Telefonia Móvel;Azul;Voo cancelado sem aviso;Finalizado não avaliado;4;78
191;05-02-2024;Juliana Costa;966 535 346 84;São Cristóvão;SE;Alimentação - Delivery;99;Cobrança indevida;Em análise;5;49
192;08-07-2024;Gustavo Rocha;298-884-800-31;Goiânia;GO;Correios e Entregas;CAIXA ECONÔMICA;Dados incorretos na fatura;Finalizado avaliado;4;84
193;2023-09-17;Rafael Martins;514-436-145-43;Juiz de Fora;MG;Viagens e Turismo;Casas Bahia;Propaganda enganosa;Finalizado não avaliado;1;76
194;2023-09-18;Larissa Barbosa;642 471 731 36;Porto Nacional;TO;Transporte Aéreo;Bradesco S.A.;Qualidade abaixo do esperado;Finalizado não avaliado;4;74
195;12/05/2023;Vanessa Gomes;820-496-748-23;Caxias do Sul;RS;Seguros;Light;Produto não entregue;Não Resolvido;2;12
196;10-11-2024;Juliana Costa;83397838528;João Pessoa;PB;Telecomunicações - Telefonia Móvel;Sky Brasil;Falta de resposta;Em andamento;2;87
197;2024-07-20;Pedro Lima;22246780040;Manacapuru;AM;Seguros;ifood;Propaganda enganosa;Em análise;3;1
198;2024-07-23;CAMILA RODRIGUES;292-290-952-33;Montes Claros;MG;Telecomunicações - Internet;Vivo S.A.;Produto não entregue;Em análise;1;63
199;01.10.2023;Lucas Nascimento;619.445.374-97;Maracanaú;CE;Bancos e Financeiras;latam airlines;Estorno não realizado;Em andamento;4;88
200;28/10/2024;Fernanda Pereira;614.185.329-15;Nossa Senhora do Socorro;SE;Seguros;Apple;Produto não entregue;Finalizado não avaliado;4;21
201;03.09.2024;Larissa Barbosa;625 633 500 61;Codó;MA;Água e Esgoto;magalu;Conta contestada;Finalizado avaliado;1;24
202;4/2/2023;Maria Silva;19013447757;Floriano;PI;Correios e Entregas;UBER;Produto diferente do anunciado;Resolvido;5;23
203;3/11/2024;Felipe Ribeiro;257-986-590-94;Rondonópolis;MT;Viagens e Turismo;LATAM Airlines;Internet instável;Finalizado avaliado;5;31
204;2023-09-02;Patrícia Mendes;398 500 212 70;Palmas;TO;Seguros;TIM Celular;Produto não entregue;Em análise;N/A;66
205;19.08.2024;FELIPE RIBEIRO;760-511-782-58;Piripiri;PI;Comércio Eletrônico;bradesco;Internet instável;Finalizado avaliado;4;34
206;28/11/2024;Larissa Barbosa;926 736 482 87;Belford Roxo;RJ;Correios e Entregas;Itau Unibanco S.A.;Serviço não prestado;Em análise;2;
207;2024-01-06;Fernanda Pereira;657-966-972-77;Corumbá;MS;Telecomunicações - Internet;Banco Bradesco;Produto diferente do anunciado;Em andamento;2;84
208;26/10/2024;João Santos;876-207-548-14;Ponta Porã;MS;Correios e Entregas;LATAM Airlines;Defeito no produto;Finalizado não avaliado;4;63
209;9/11/2023;Daniela Araújo;632 878 712 84;Vitória;ES;Água e Esgoto;CVC VIAGENS;Qualidade abaixo do esperado;Resolvido;N/A;78
210;17.08.2023;Gustavo Rocha;92021797033;Manacapuru;AM;Telecomunicações - Telefonia Móvel;Mercadolivre;Produto não entregue;Finalizado não avaliado;2;36
211;2023-09-14;Daniela Araújo;11250430162;Viamão;RS;Alimentação - Delivery;RAPPI;Propaganda enganosa;Resolvido;1;
212;14/01/2024;Felipe Ribeiro;379-526-425-71;Tarauacá;AC;Eletrônicos e Celulares;Claro/Net;Qualidade abaixo do esperado;Não Resolvido;1;79
213;10/9/2024;Roberto Almeida;62871712724;Nova Iguaçu;RJ;Seguros;CAIXA ECONÔMICA;Estorno não realizado;Finalizado avaliado;3;32
214;24/10/2023;Felipe Ribeiro;99747868869;Vitória da Conquista;BA;Telecomunicações - Internet;Magalu;Dificuldade de cancelamento;Em análise;1;66
215;16/11/2023;Ana Oliveira;23378761991;Rio Verde;GO;Eletrônicos e Celulares;amazon brasil;Atendimento precário;Em andamento;3;14
216;11-11-2023;Vanessa Gomes;980-965-708-26;Paraíso do Tocantins;TO;Transporte por Aplicativo;apple;Falta de resposta;Em andamento;;29
217;18.01.2023;Ana Oliveira;41372096136;Itabaiana;SE;Telecomunicações - Internet;Sabesp;Atraso na entrega;Finalizado não avaliado;3;
218;2024-12-28;Vanessa Gomes;582.373.803-26;Nossa Senhora do Socorro;SE;Transporte Aéreo;banco do brasil;Produto não entregue;Finalizado não avaliado;3;68
219;2023-07-21;Pedro Lima;32466877323;Nossa Senhora do Socorro;SE;Cartões de Crédito/Débito;samsung;Qualidade abaixo do esperado;Finalizado não avaliado;N/A;81
220;21/7/2023;Ana Oliveira;712.402.722-82;Itacoatiara;AM;Transporte Aéreo;Uber;Internet instável;Em andamento;1;46
221;15.01.2023;Patrícia Mendes;234 856 973 94;Ponta Grossa;PR;Telecomunicações - TV por Assinatura;APPLE;Voo cancelado sem aviso;Finalizado avaliado;4;65
222;01.08.2023;Gustavo Rocha;548-183-613-65;Paraíso do Tocantins;TO;Transporte Aéreo;banco do brasil;Dificuldade de cancelamento;Em andamento;1;N/A
223;27/2/2023;Camila Rodrigues;108 912 308 35;Porto Alegre;RS;Telecomunicações - Telefonia Móvel;T.I.M.;Erro no aplicativo;Finalizado avaliado;5;57
224;2024-10-23;João Santos;104 835 717 33;Belém;PA;Cartões de Crédito/Débito;Telefonica Brasil;Falta de resposta;Em análise;4;
225;01/02/2023;Maria Silva;27170044671;Montes Claros;MG;Alimentação - Delivery;Azul;Internet instável;Finalizado não avaliado;1;
226;28/1/2024;Vanessa Gomes;410 898 569 99;Lauro de Freitas;BA;Cartões de Crédito/Débito;99;Voo cancelado sem aviso;Resolvido;;-5
227;02-08-2023;Thiago Ferreira;690.285.864-28;Chapecó;SC;Alimentação - Delivery;GOL Linhas Aéreas;Cobrança após cancelamento;Resolvido;2;29
228;11/10/2023;Patrícia Mendes;620.404.174-78;Florianópolis;SC;Bancos e Financeiras;BRADESCO;Qualidade abaixo do esperado;Não Resolvido;4;-1
229;25-10-2024;Rafael Martins;490 272 256 23;Picos;PI;Telecomunicações - TV por Assinatura;Itaú;Serviço não prestado;Não Resolvido;2;87
230;22/11/2023;Camila Rodrigues;272 403 879 80;Londrina;PR;Comércio Eletrônico;MOTOROLA;Estorno não realizado;Resolvido;1;
231;22/12/2024;Amanda Dias;326-226-532-64;Natal;RN;Eletrônicos e Celulares;LIGHT;Cobrança após cancelamento;Em análise;1;27
232;11-11-2024;João Santos;331-946-787-30;Piripiri;PI;Bancos e Financeiras;cpfl energia;Voo cancelado sem aviso;Finalizado avaliado;2;55
233;26.07.2024;VANESSA GOMES;760-705-948-96;Camaçari;BA;Viagens e Turismo;Vivo S.A.;Produto diferente do anunciado;Não Resolvido;N/A;N/A
234;2023-10-22;Vanessa Gomes;337-328-500-81;Tefé;AM;Transporte por Aplicativo;gol linhas aéreas;Erro no aplicativo;Finalizado não avaliado;5;86
235;17-06-2023;Pedro Lima;54241232996;Campinas;SP;Transporte por Aplicativo;CVC Viagens;Estorno não realizado;Finalizado não avaliado;4;
236;27-05-2024;Felipe Ribeiro;676.116.688-14;Rio Branco;AC;Telecomunicações - TV por Assinatura;Azul;Qualidade abaixo do esperado;Finalizado não avaliado;3;83
237;2023-12-11;Felipe Ribeiro;20178248270;Lagarto;SE;Transporte por Aplicativo;Uber;Voo cancelado sem aviso;Finalizado não avaliado;5;39
238;14.08.2023;Daniela Araújo;203 706 636 92;Porto Velho;RO;Bancos e Financeiras;CAIXA ECONÔMICA;Conta contestada;Em análise;4;
239;27-11-2024;Rafael Martins;741.660.796-66;Camaçari;BA;Transporte Aéreo;TIM Celular;Propaganda enganosa;Não Resolvido;4;27
240;10/02/2024;Vanessa Gomes;696.722.376-74;Macapá;AP;Telecomunicações - TV por Assinatura;MOTOROLA;Conta contestada;Finalizado não avaliado;5;-1
241;2024-01-27;Patrícia Mendes;281 214 291 23;Três Lagoas;MS;Água e Esgoto;99;Produto não entregue;Não Resolvido;4;9
242;16.01.2023;Gustavo Rocha;790-958-845-73;Paulista;PE;Comércio Eletrônico;LATAM AIRLINES;Atendimento precário;Não Resolvido;4;16
243;2023-03-14;Rafael Martins;916.184.461-41;Parauapebas;PA;Transporte por Aplicativo;amazon brasil;Conta contestada;Em análise;5;60
244;04-01-2024;LARISSA BARBOSA;829 321 611 46;Três Lagoas;MS;Telecomunicações - Telefonia Móvel;SAMSUNG;Voo cancelado sem aviso;Finalizado avaliado;1;78
245;16.10.2024;Larissa Barbosa;55825197146;Codó;MA;Bancos e Financeiras;Oi Fixo;Atraso na entrega;Em análise;1;64
246;2024-08-07;Bruno Carvalho;238.585.290-79;Linhares;ES;Telecomunicações - Telefonia Móvel;ifood;Propaganda enganosa;Resolvido;3;-5
247;21.07.2024;Ana Oliveira;726-304-163-99;Dourados;MS;Viagens e Turismo;CVC Viagens;Voo cancelado sem aviso;Finalizado não avaliado;1;49
248;2023-11-24;Bruno Carvalho;149.951.758-18;Parintins;AM;Energia Elétrica;Oi Fixo;Atendimento precário;Não Resolvido;5;
249;11.12.2024;Bruno Carvalho;921-883-995-54;Caruaru;PE;Correios e Entregas;CPFL ENERGIA;Cobrança após cancelamento;Finalizado avaliado;3;50
250;11.02.2024;Juliana Costa;597-301-941-83;Florianópolis;SC;Viagens e Turismo;Banco do Brasil;Produto diferente do anunciado;Resolvido;1;0
251;10/12/2024;Pedro Lima;194-406-952-57;Ariquemes;RO;Água e Esgoto;Oi Fixo;Propaganda enganosa;Finalizado avaliado;1;27
252;2024-01-08;Juliana Costa;295 302 832 74;Ponta Grossa;PR;Telecomunicações - TV por Assinatura;ML;Dados incorretos na fatura;Em análise;3;76
253;2024-11-13;Juliana Costa;255-803-185-91;Maringá;PR;Seguros;amazon brasil;Conta contestada;Não Resolvido;4;49
254;11.04.2024;Lucas Nascimento;686.350.876-62;Abaetetuba;PA;Energia Elétrica;CVC Viagens;Cobrança indevida;Resolvido;3;
255;7/10/2024;Maria Silva;407-249-978-72;Guarulhos;SP;Telecomunicações - Internet;Telefonica Brasil;Cobrança indevida;Resolvido;2;75
256;11.06.2024;João Santos;279.326.306-61;Marabá;PA;Transporte Aéreo;AMAZON BRASIL;Atraso na entrega;Em análise;1;19
257;21/8/2023;Camila Rodrigues;294 148 718 69;Nossa Senhora do Socorro;SE;Telecomunicações - Internet;Apple;Atendimento precário;Em análise;N/A;30
258;19/12/2024;Roberto Almeida;117 744 985 57;Dourados;MS;Alimentação - Delivery;Samsung;Produto não entregue;Finalizado avaliado;N/A;54
259;3/8/2024;João Santos;292 243 231 41;São Gonçalo do Amarante;RN;Água e Esgoto;SKY BRASIL;Atendimento precário;Em andamento;3;
260;02/01/2023;Felipe Ribeiro;331.601.718-72;Linhares;ES;Cartões de Crédito/Débito;Banco do Brasil;Internet instável;Finalizado avaliado;1;75
261;2024-04-26;Bruno Carvalho;419.379.810-91;Caracaraí;RR;Seguros;Apple;Internet instável;Resolvido;5;72
262;1/7/2024;Maria Silva;304-290-740-14;Foz do Iguaçu;PR;Bancos e Financeiras;azul;Internet instável;Em andamento;1;80
263;07.06.2023;Larissa Barbosa;482 300 373 63;Rorainópolis;RR;Cartões de Crédito/Débito;CLARO;Internet instável;Finalizado avaliado;;69
264;06-04-2024;Ana Oliveira;883-241-941-97;Boa Vista;RR;Bancos e Financeiras;Azul;Internet instável;Em análise;2;89
265;2024-09-07;Larissa Barbosa;399-615-374-26;Palmas;TO;Correios e Entregas;sabesp;Conta contestada;Resolvido;N/A;
266;12/06/2024;Vanessa Gomes;202-721-616-18;Gurupi;TO;Eletrônicos e Celulares;T.I.M.;Internet instável;Em análise;1;87
267;12-04-2023;Thiago Ferreira;545-920-291-25;Três Lagoas;MS;Seguros;APPLE;Dados incorretos na fatura;Finalizado não avaliado;4;54
268;17/12/2024;Roberto Almeida;610.521.612-67;Boa Vista;RR;Bancos e Financeiras;gol linhas aéreas;Conta contestada;Em andamento;3;9
269;17.10.2024;Felipe Ribeiro;138.258.573-94;Cascavel;PR;Seguros;Vivo / Telefônica;Serviço não prestado;Resolvido;4;27
270;12-03-2024;Juliana Costa;965 861 498 94;Tangará da Serra;MT;Bancos e Financeiras;Banco do Brasil;Produto não entregue;Finalizado avaliado;2;N/A
271;24.03.2023;Fernanda Pereira;303-846-646-57;Teresina;PI;Energia Elétrica;AMERICANAS;Erro no aplicativo;Resolvido;1;53
272;21.12.2024;Maria Silva;230-439-111-60;Osasco;SP;Correios e Entregas;CVC Viagens;Qualidade abaixo do esperado;Não Resolvido;3;86
273;15.02.2024;João Santos;677.554.483-53;Rio de Janeiro;RJ;Telecomunicações - TV por Assinatura;ITAÚ;Voo cancelado sem aviso;Em análise;1;83
274;15-10-2024;Felipe Ribeiro;675 775 494 74;Rio Largo;AL;Cartões de Crédito/Débito;Sky Brasil;Serviço não prestado;Resolvido;5;40
275;2024-05-18;Felipe Ribeiro;607 778 237 11;Lauro de Freitas;BA;Cartões de Crédito/Débito;Caixa Econômica;Dados incorretos na fatura;Resolvido;5;N/A
276;27/04/2023;Roberto Almeida;769 592 420 83;Rio Branco;AC;Alimentação - Delivery;IFOOD;Voo cancelado sem aviso;Finalizado avaliado;3;N/A
277;23/7/2024;Maria Silva;363 991 185 91;Parnamirim;RN;Água e Esgoto;Telefonica Brasil;Estorno não realizado;Finalizado avaliado;2;13
278;10/5/2023;Patrícia Mendes;524-250-152-34;Sinop;MT;Transporte Aéreo;VIVO;Conta contestada;Em andamento;2;77
279;12/7/2023;Rafael Martins;128 631 716 42;Nova Iguaçu;RJ;Comércio Eletrônico;SABESP;Atraso na entrega;Finalizado não avaliado;;-4
280;01-05-2023;Roberto Almeida;902 913 412 26;Ceará-Mirim;RN;Água e Esgoto;Claro/Net;Cobrança após cancelamento;Finalizado avaliado;3;23
281;22/11/2024;João Santos;355.433.184-90;Cabedelo;PB;Telecomunicações - TV por Assinatura;OI FIXO;Atendimento precário;Não Resolvido;5;53
282;25/9/2023;Carlos Souza;53938273479;Mossoró;RN;Correios e Entregas;CASAS BAHIA;Serviço não prestado;Em análise;4;61
283;26/3/2023;João Santos;11390161091;Curitiba;PR;Seguros;MERCADO LIVRE;Propaganda enganosa;Em análise;5;50
284;01-08-2023;Amanda Dias;23982223599;Macapá;AP;Energia Elétrica;Americanas S.A.;Atraso na entrega;Não Resolvido;2;33
285;23/09/2024;Thiago Ferreira;61960524540;Chapecó;SC;Água e Esgoto;Bradesco;Propaganda enganosa;Não Resolvido;3;12
286;05-11-2024;Thiago Ferreira;59710596739;Codó;MA;Cartões de Crédito/Débito;motorola;Conta contestada;Finalizado avaliado;4;13
287;2023-08-21;Lucas Nascimento;56366879628;Cacoal;RO;Telecomunicações - Internet;99;Atraso na entrega;Resolvido;4;73
288;2024-11-20;Roberto Almeida;70285275019;Ji-Paraná;RO;Alimentação - Delivery;LATAM Airlines;Voo cancelado sem aviso;Não Resolvido;1;44
289;21-07-2024;Lucas Nascimento;70413261914;Belo Horizonte;MG;Cartões de Crédito/Débito;LATAM Airlines;Conta contestada;Resolvido;2;66
290;03-04-2023;Larissa Barbosa;534-134-442-59;Juiz de Fora;MG;Telecomunicações - Internet;LIGHT;Voo cancelado sem aviso;Não Resolvido;3;
291;23/10/2024;JOÃO SANTOS;73337862714;Penedo;AL;Telecomunicações - TV por Assinatura;SKY BRASIL;Cobrança após cancelamento;Não Resolvido;3;46
292;13-04-2023;Ana Oliveira;212 633 199 98;Três Lagoas;MS;Seguros;CAIXA ECONÔMICA;Produto não entregue;Não Resolvido;1;3
293;10/6/2024;Felipe Ribeiro;565-703-654-77;Patos;PB;Energia Elétrica;apple;Voo cancelado sem aviso;Não Resolvido;2;34
294;06/07/2024;Rafael Martins;972.491.985-57;Taguatinga;DF;Correios e Entregas;iFood;Defeito no produto;Finalizado avaliado;3;83
295;2023-08-11;Fernanda Pereira;785 378 799 28;Camaçari;BA;Seguros;claro / net;Dados incorretos na fatura;Resolvido;4;56
296;6/9/2023;Vanessa Gomes;19618365667;Sorriso;MT;Telecomunicações - TV por Assinatura;correios;Dados incorretos na fatura;Resolvido;3;67
297;19-11-2024;Vanessa Gomes;555 748 833 22;Tarauacá;AC;Transporte Aéreo;OI FIXO;Internet instável;Finalizado não avaliado;5;-4
298;27.12.2023;Lucas Nascimento;276-849-885-48;Penedo;AL;Alimentação - Delivery;IFOOD;Defeito no produto;Não Resolvido;;-3
299;18/3/2023;Fernanda Pereira;16222889469;Picos;PI;Transporte por Aplicativo;gol linhas aéreas;Defeito no produto;Em análise;5;58
300;18/7/2023;Daniela Araújo;993-866-592-79;Piripiri;PI;Alimentação - Delivery;Magalu;Conta contestada;Resolvido;1;19
301;04-09-2024;Daniela Araújo;908-533-915-60;Bayeux;PB;Viagens e Turismo;CVC Viagens;Falta de resposta;Resolvido;5;1
302;22-02-2023;Carlos Souza;72940287555;Paço do Lumiar;MA;Telecomunicações - Telefonia Móvel;BANCO DO BRASIL;Atraso na entrega;Resolvido;N/A;55
303;2023-07-13;Roberto Almeida;748.554.527-64;Chapecó;SC;Eletrônicos e Celulares;Vivo;Voo cancelado sem aviso;Não Resolvido;4;83
304;9/7/2024;Vanessa Gomes;223.218.526-25;Caracaraí;RR;Transporte por Aplicativo;TIM Celular;Erro no aplicativo;Não Resolvido;3;-5
305;07.10.2024;Pedro Lima;274-847-309-46;Itajaí;SC;Bancos e Financeiras;LATAM AIRLINES;Internet instável;Finalizado não avaliado;N/A;55
306;9/9/2023;Fernanda Pereira;338.879.301-97;Jaraguá do Sul;SC;Bancos e Financeiras;Claro;Falta de resposta;Finalizado não avaliado;3;11
307;04.06.2023;Maria Silva;393-453-604-82;Bayeux;PB;Seguros;light;Dificuldade de cancelamento;Não Resolvido;2;84
308;16/07/2024;Thiago Ferreira;763-129-875-23;Cariacica;ES;Viagens e Turismo;amazon brasil;Propaganda enganosa;Em andamento;4;
309;15-11-2023;ROBERTO ALMEIDA;506-680-177-51;Vitória da Conquista;BA;Energia Elétrica;oi fixo;Erro no aplicativo;Em andamento;5;15
310;17/3/2023;Fernanda Pereira;790 301 545 60;Criciúma;SC;Bancos e Financeiras;Caixa Econômica;Serviço não prestado;Em andamento;N/A;77
311;10/10/2024;Camila Rodrigues;816 604 165 75;Vitória da Conquista;BA;Transporte Aéreo;CPFL ENERGIA;Propaganda enganosa;Não Resolvido;5;
312;2023-09-17;Amanda Dias;703 831 720 77;Rio Largo;AL;Comércio Eletrônico;cpfl energia;Produto não entregue;Em análise;N/A;69
313;24/3/2024;Lucas Nascimento;364 525 820 63;Maracanaú;CE;Telecomunicações - Telefonia Móvel;samsung;Cobrança indevida;Em andamento;3;2
314;18.09.2024;Bruno Carvalho;104 936 700 64;Pacaraima;RR;Eletrônicos e Celulares;BRADESCO;Voo cancelado sem aviso;Resolvido;5;88
315;10-07-2023;Fernanda Pereira;948-684-762-56;Colombo;PR;Energia Elétrica;AMERICANAS;Internet instável;Em andamento;5;86
316;17/05/2024;Carlos Souza;176.183.329-88;Laranjal do Jari;AP;Telecomunicações - Telefonia Móvel;Light;Cobrança após cancelamento;Finalizado avaliado;2;24
317;18-08-2023;Camila Rodrigues;936-450-281-56;Abaetetuba;PA;Telecomunicações - TV por Assinatura;CAIXA ECONÔMICA;Dados incorretos na fatura;Em análise;4;61
318;26/06/2024;Patrícia Mendes;617 265 707 23;Ji-Paraná;RO;Água e Esgoto;CVC VIAGENS;Voo cancelado sem aviso;Em análise;1;28
319;12.08.2024;Larissa Barbosa;532-215-187-82;Laranjal do Jari;AP;Transporte Aéreo;99;Defeito no produto;Finalizado avaliado;5;67
320;06/05/2023;Lucas Nascimento;980.917.543-54;Londrina;PR;Correios e Entregas;oi fixo;Dados incorretos na fatura;Em andamento;1;50
321;03/07/2023;Carlos Souza;718-880-354-95;São Gonçalo;RJ;Alimentação - Delivery;CORREIOS;Internet instável;Resolvido;2;12
322;21-08-2023;Bruno Carvalho;554.627.950-98;Duque de Caxias;RJ;Transporte Aéreo;itau;Dados incorretos na fatura;Em andamento;1;51
323;2023-11-10;Vanessa Gomes;148 881 925 38;Teresina;PI;Água e Esgoto;CPFL Energia;Cobrança indevida;Em andamento;2;-2
324;11/02/2023;Bruno Carvalho;151-880-216-52;Três Lagoas;MS;Bancos e Financeiras;rappi;Propaganda enganosa;Finalizado avaliado;5;13
325;19/12/2023;Camila Rodrigues;97763370051;Teresina;PI;Telecomunicações - Internet;bradesco;Cobrança após cancelamento;Finalizado avaliado;2;76
326;2023-05-11;Roberto Almeida;736-301-413-39;Marabá;PA;Água e Esgoto;americanas;Estorno não realizado;Não Resolvido;5;
327;22.03.2024;Ana Oliveira;562.318.977-30;Lauro de Freitas;BA;Alimentação - Delivery;SABESP;Atendimento precário;Finalizado não avaliado;1;7
328;2023-08-13;Juliana Costa;843 102 949 84;Ribeirão das Neves;MG;Telecomunicações - TV por Assinatura;enel;Qualidade abaixo do esperado;Finalizado avaliado;2;15
329;13.05.2024;Pedro Lima;418.497.639-67;Santa Rita;PB;Água e Esgoto;caixa econômica;Atendimento precário;Resolvido;2;73
330;15/3/2023;João Santos;790-347-514-90;Lauro de Freitas;BA;Seguros;iFood;Serviço não prestado;Finalizado não avaliado;1;N/A
331;10.01.2023;Ana Oliveira;751-526-289-22;Caruaru;PE;Eletrônicos e Celulares;MOTOROLA;Produto diferente do anunciado;Resolvido;4;67
332;2023-10-26;Larissa Barbosa;16522477778;São Cristóvão;SE;Transporte Aéreo;Mercadolivre;Propaganda enganosa;Em análise;2;0
333;04.10.2023;Bruno Carvalho;40992846930;Londrina;PR;Correios e Entregas;SAMSUNG;Dificuldade de cancelamento;Não Resolvido;5;5
334;23-06-2024;LUCAS NASCIMENTO;464-245-705-86;Sorocaba;SP;Seguros;tim;Falta de resposta;Resolvido;2;27
335;2024-07-23;Camila Rodrigues;292-290-952-33;Montes Claros;MG;Telecomunicações - Internet;Vivo S.A.;Produto não entregue;Em análise;1;63
336;08.08.2024;Pedro Lima;925.783.452-24;Abaetetuba;PA;Seguros;LATAM AIRLINES;Atraso na entrega;Resolvido;1;87
337;11.12.2023;Juliana Costa;839-695-808-37;Goiânia;GO;Seguros;oi fixo;Voo cancelado sem aviso;Em andamento;3;90
338;2024-04-19;Thiago Ferreira;434.367.379-63;Sorriso;MT;Seguros;Rappi;Falta de resposta;Em análise;5;
339;15.02.2023;Pedro Lima;231 754 429 35;Juazeiro;BA;Eletrônicos e Celulares;MAGAZINE LUIZA;Produto não entregue;Não Resolvido;4;24
340;26/11/2024;Thiago Ferreira;751 305 183 71;Olinda;PE;Bancos e Financeiras;Sky Brasil;Falta de resposta;Em análise;4;21
341;04/11/2024;Patrícia Mendes;578 521 246 66;Nova Iguaçu;RJ;Comércio Eletrônico;claro / net;Estorno não realizado;Finalizado não avaliado;N/A;1
342;04.07.2024;Rafael Martins;147-849-686-11;Cabo de Santo Agostinho;PE;Transporte por Aplicativo;MercadoLivre;Estorno não realizado;Resolvido;2;60
343;2/8/2024;Fernanda Pereira;196-552-255-39;Ribeirão das Neves;MG;Viagens e Turismo;uber;Voo cancelado sem aviso;Resolvido;N/A;N/A
344;06/06/2024;Daniela Araújo;225.248.724-54;Itabuna;BA;Energia Elétrica;Enel;Propaganda enganosa;Em andamento;2;66
345;2023-12-25;Roberto Almeida;959-790-271-88;Salvador;BA;Correios e Entregas;Banco do Brasil;Serviço não prestado;Finalizado avaliado;2;21
346;12/11/2023;GUSTAVO ROCHA;930 762 327 42;Cabo de Santo Agostinho;PE;Água e Esgoto;Mercadolivre;Produto diferente do anunciado;Finalizado avaliado;1;17
347;10.03.2024;Patrícia Mendes;950.570.409-99;Mossoró;RN;Transporte por Aplicativo;Claro/Net;Conta contestada;Não Resolvido;5;31
348;13.06.2024;Lucas Nascimento;50999076068;Itacoatiara;AM;Transporte Aéreo;enel;Cobrança após cancelamento;Em andamento;1;36
349;25-08-2024;Thiago Ferreira;40464339467;Penedo;AL;Seguros;Banco do Brasil;Propaganda enganosa;Em análise;4;
350;09/06/2024;João Santos;22481265560;Crato;CE;Alimentação - Delivery;Banco Bradesco;Internet instável;Em análise;5;72
351;2024-08-26;Roberto Almeida;832 378 528 65;Sena Madureira;AC;Viagens e Turismo;Americanas S.A.;Dados incorretos na fatura;Resolvido;4;30
352;05-05-2023;Gustavo Rocha;279.904.839-40;Campo Grande;MS;Telecomunicações - TV por Assinatura;light;Defeito no produto;Finalizado não avaliado;3;48
353;23-06-2024;Lucas Nascimento;464-245-705-86;Sorocaba;SP;Seguros;tim;Falta de resposta;Resolvido;2;27
354;11.07.2024;GUSTAVO ROCHA;83036420572;Tangará da Serra;MT;Transporte por Aplicativo;BRADESCO;Propaganda enganosa;Resolvido;1;N/A
355;2023-02-01;João Santos;187-966-367-89;Porto Alegre;RS;Água e Esgoto;LIGHT;Qualidade abaixo do esperado;Resolvido;5;N/A
356;26-12-2023;João Santos;253.856.972-21;Penedo;AL;Telecomunicações - Telefonia Móvel;Rappi;Defeito no produto;Em análise;;49
357;01/12/2023;Pedro Lima;522.429.257-10;Nova Iguaçu;RJ;Comércio Eletrônico;Samsung;Erro no aplicativo;Em andamento;3;6
358;1/12/2024;Bruno Carvalho;334.511.874-55;Uberlândia;MG;Viagens e Turismo;LATAM Airlines;Propaganda enganosa;Não Resolvido;1;
359;10/6/2024;João Santos;595 689 584 60;Abaetetuba;PA;Telecomunicações - Internet;Oi Fixo;Qualidade abaixo do esperado;Não Resolvido;3;60
360;24.04.2023;Roberto Almeida;980.350.689-75;Maceió;AL;Telecomunicações - Telefonia Móvel;sky brasil;Atendimento precário;Em análise;3;49
361;12.11.2023;Vanessa Gomes;604 290 245 77;Santa Rita;PB;Telecomunicações - Telefonia Móvel;apple;Internet instável;Não Resolvido;;36
362;27/11/2024;Pedro Lima;69630589165;São José;SC;Telecomunicações - Telefonia Móvel;SABESP;Voo cancelado sem aviso;Finalizado não avaliado;4;12
363;08/03/2024;Larissa Barbosa;887.607.694-27;Arapiraca;AL;Água e Esgoto;Casas bahia;Dados incorretos na fatura;Em andamento;5;85
364;17/11/2024;Vanessa Gomes;259-173-989-27;Pacaraima;RR;Cartões de Crédito/Débito;oi fixo;Propaganda enganosa;Finalizado não avaliado;3;64
365;2024-03-26;Thiago Ferreira;81350926376;Taguatinga;DF;Energia Elétrica;Sky Brasil;Dificuldade de cancelamento;Resolvido;3;23
366;19/02/2023;Fernanda Pereira;89956973935;Pacaraima;RR;Cartões de Crédito/Débito;latam airlines;Qualidade abaixo do esperado;Resolvido;5;32
367;04/05/2024;Lucas Nascimento;947 231 102 34;Juazeiro do Norte;CE;Viagens e Turismo;IFOOD;Atendimento precário;Finalizado não avaliado;;N/A
368;2023-01-22;Fernanda Pereira;345-889-580-71;Picos;PI;Alimentação - Delivery;AMAZON BRASIL;Internet instável;Finalizado não avaliado;1;64
369;12/02/2023;Pedro Lima;628 103 700 26;Santarém;PA;Transporte Aéreo;sky brasil;Serviço não prestado;Finalizado não avaliado;2;3
370;04-08-2023;Camila Rodrigues;193.595.541-17;Petrolina;PE;Cartões de Crédito/Débito;B2W - Americanas;Dados incorretos na fatura;Resolvido;2;85
371;18.05.2023;Fernanda Pereira;291.828.282-89;Pacaraima;RR;Bancos e Financeiras;rappi;Qualidade abaixo do esperado;Resolvido;2;N/A
372;2024-05-12;Amanda Dias;655 604 907 36;Itabaiana;SE;Eletrônicos e Celulares;Caixa Econômica;Serviço não prestado;Finalizado não avaliado;2;9
373;19.12.2023;Fernanda Pereira;425 492 427 88;Cuiabá;MT;Telecomunicações - Telefonia Móvel;LATAM Airlines;Atendimento precário;Finalizado avaliado;N/A;0
374;6/12/2023;Felipe Ribeiro;712-121-441-26;Gurupi;TO;Cartões de Crédito/Débito;SAMSUNG;Produto diferente do anunciado;Não Resolvido;4;-5
375;2023-05-06;Roberto Almeida;899 261 110 27;Maracanaú;CE;Correios e Entregas;Rappi;Falta de resposta;Finalizado avaliado;4;
376;24/10/2024;Maria Silva;272-895-561-65;Montes Claros;MG;Cartões de Crédito/Débito;Samsung;Propaganda enganosa;Finalizado avaliado;3;N/A
377;03/04/2023;Daniela Araújo;340 573 178 48;Colombo;PR;Bancos e Financeiras;Bradesco;Conta contestada;Em andamento;;5
378;2024-10-02;Roberto Almeida;82432268465;Penedo;AL;Correios e Entregas;GOL Linhas Aéreas;Dados incorretos na fatura;Finalizado não avaliado;;
379;18-03-2024;Juliana Costa;106.165.731-67;Dourados;MS;Transporte por Aplicativo;Itaú Unibanco;Defeito no produto;Finalizado avaliado;2;87
380;2024-10-08;Vanessa Gomes;918.825.188-10;Cruzeiro do Sul;AC;Transporte por Aplicativo;MOTOROLA;Estorno não realizado;Finalizado avaliado;4;N/A
381;15/07/2023;João Santos;614 469 524 10;Rio de Janeiro;RJ;Transporte por Aplicativo;MAGAZINE LUIZA;Voo cancelado sem aviso;Resolvido;2;65
382;17/12/2023;Patrícia Mendes;57317789119;Recife;PE;Telecomunicações - Telefonia Móvel;amazon brasil;Defeito no produto;Não Resolvido;5;59
383;2024-03-03;Maria Silva;26974397580;Santa Maria;RS;Seguros;T.I.M.;Serviço não prestado;Finalizado não avaliado;;67
384;09.02.2023;Larissa Barbosa;572-576-943-72;Sena Madureira;AC;Correios e Entregas;correios;Internet instável;Resolvido;3;90
385;20-06-2024;Amanda Dias;457 673 685 36;Rio Branco;AC;Telecomunicações - TV por Assinatura;99;Erro no aplicativo;Finalizado não avaliado;5;27
386;25-04-2023;Ana Oliveira;73735261183;Criciúma;SC;Telecomunicações - TV por Assinatura;SAMSUNG;Falta de resposta;Não Resolvido;1;89
387;27.02.2024;Maria Silva;360.467.921-78;Luziânia;GO;Bancos e Financeiras;Samsung;Atendimento precário;Em análise;3;40
388;2024-01-05;Amanda Dias;84624189953;Juiz de Fora;MG;Bancos e Financeiras;T.I.M.;Cobrança indevida;Finalizado não avaliado;1;N/A
389;11.08.2023;Pedro Lima;182-368-540-20;Cascavel;PR;Alimentação - Delivery;LATAM AIRLINES;Defeito no produto;Finalizado avaliado;1;
390;2024-06-12;Ana Oliveira;233.139.509-39;Goiânia;GO;Transporte por Aplicativo;MERCADO LIVRE;Cobrança após cancelamento;Em análise;4;62
391;18/10/2024;Ana Oliveira;787-829-202-16;São Luís;MA;Energia Elétrica;IFOOD;Serviço não prestado;Não Resolvido;4;41
392;13-12-2024;Fernanda Pereira;767-749-776-94;Sena Madureira;AC;Água e Esgoto;CVC Viagens;Falta de resposta;Finalizado avaliado;2;
393;17.12.2024;Carlos Souza;309-477-510-40;Araguaína;TO;Cartões de Crédito/Débito;Sky Brasil;Internet instável;Finalizado avaliado;1;6
394;20.07.2023;Gustavo Rocha;859.288.711-85;São José;SC;Telecomunicações - Internet;Casas bahia;Voo cancelado sem aviso;Finalizado não avaliado;2;20
395;23-05-2023;Pedro Lima;790 182 766 34;Itajaí;SC;Água e Esgoto;latam airlines;Cobrança indevida;Finalizado avaliado;5;
396;2023-11-15;Vanessa Gomes;52122061295;Vila Velha;ES;Cartões de Crédito/Débito;TIM;Produto não entregue;Não Resolvido;4;89
397;16-01-2024;Patrícia Mendes;152 229 517 37;Três Lagoas;MS;Água e Esgoto;Casas bahia;Produto diferente do anunciado;Não Resolvido;3;
398;17.12.2024;Carlos Souza;309-477-510-40;Araguaína;TO;Cartões de Crédito/Débito;Sky Brasil;Internet instável;Finalizado avaliado;1;6
399;16-12-2024;Juliana Costa;43815798297;Ribeirão Preto;SP;Telecomunicações - Telefonia Móvel;OI FIXO;Voo cancelado sem aviso;Em andamento;5;49
400;21-03-2023;Lucas Nascimento;769 247 300 88;Osasco;SP;Transporte Aéreo;Via - Casas Bahia;Conta contestada;Em análise;5;
401;24/09/2024;Camila Rodrigues;659-974-519-52;Feira de Santana;BA;Telecomunicações - Internet;Rappi;Cobrança indevida;Finalizado avaliado;4;69
402;2023-12-02;Carlos Souza;701.325.418-78;Caucaia;CE;Viagens e Turismo;Uber;Dificuldade de cancelamento;Em análise;N/A;
403;19.11.2023;Pedro Lima;256 400 876 70;Caucaia;CE;Telecomunicações - Internet;AMAZON BRASIL;Atendimento precário;Em análise;3;59
404;06.08.2024;Carlos Souza;867.894.375-42;Picos;PI;Telecomunicações - Internet;NET;Conta contestada;Resolvido;1;40
405;2/1/2024;Maria Silva;511.141.861-74;Camaçari;BA;Telecomunicações - Internet;Bradesco S.A.;Estorno não realizado;Finalizado avaliado;1;78
406;27/6/2024;Roberto Almeida;19651730422;Manacapuru;AM;Transporte Aéreo;bradesco;Serviço não prestado;Resolvido;3;
407;2023-06-27;Gustavo Rocha;893.177.139-79;Castanhal;PA;Cartões de Crédito/Débito;Apple;Qualidade abaixo do esperado;Resolvido;2;36
408;10/7/2024;Gustavo Rocha;764.342.771-90;Vitória da Conquista;BA;Seguros;Light;Cobrança indevida;Em análise;3;89
409;2024-05-13;Vanessa Gomes;670 727 292 57;Juazeiro;BA;Eletrônicos e Celulares;Net Virtua;Cobrança indevida;Resolvido;5;69
410;2024-02-19;Felipe Ribeiro;950 467 600 84;Jaraguá do Sul;SC;Bancos e Financeiras;correios;Voo cancelado sem aviso;Resolvido;2;58
411;5/2/2023;Thiago Ferreira;38966059296;Campinas;SP;Telecomunicações - Internet;CPFL ENERGIA;Produto diferente do anunciado;Em análise;4;-3
412;23-01-2023;Camila Rodrigues;675-378-293-70;Serra;ES;Correios e Entregas;cpfl energia;Atraso na entrega;Em andamento;1;63
413;26.03.2024;Roberto Almeida;59645141815;Ribeirão das Neves;MG;Água e Esgoto;amazon brasil;Defeito no produto;Em análise;3;61
414;2024-08-13;Juliana Costa;21286791756;Montes Claros;MG;Transporte Aéreo;LATAM Airlines;Atendimento precário;Em análise;3;26
415;12-01-2023;Rafael Martins;183.977.597-99;São José dos Campos;SP;Transporte por Aplicativo;iFood;Propaganda enganosa;Em análise;4;8
416;22/08/2023;Pedro Lima;210.664.677-41;Rio Verde;GO;Telecomunicações - Internet;ENEL;Conta contestada;Resolvido;5;42
417;07.12.2023;Carlos Souza;145.180.391-63;Teresina;PI;Telecomunicações - Telefonia Móvel;azul;Internet instável;Finalizado não avaliado;1;66
418;7/1/2023;Vanessa Gomes;377 610 588 83;Parnaíba;PI;Transporte por Aplicativo;99;Serviço não prestado;Não Resolvido;2;17
419;25/4/2024;Daniela Araújo;38989499154;Caracaraí;RR;Transporte por Aplicativo;B2W - Americanas;Falta de resposta;Em andamento;4;69
420;24-05-2024;Amanda Dias;904.380.894-23;Sorocaba;SP;Telecomunicações - Internet;NET;Falta de resposta;Resolvido;5;70
421;13/3/2024;Carlos Souza;82364033214;Niterói;RJ;Viagens e Turismo;BRADESCO;Atraso na entrega;Em andamento;3;68
422;06-05-2023;Maria Silva;143-923-797-82;São Gonçalo;RJ;Correios e Entregas;99;Serviço não prestado;Não Resolvido;2;60
423;2024-01-02;Vanessa Gomes;385.964.685-10;Palmas;TO;Telecomunicações - Internet;samsung;Defeito no produto;Finalizado não avaliado;N/A;64
424;05-12-2023;Gustavo Rocha;631-541-505-12;Macapá;AP;Comércio Eletrônico;Apple;Dificuldade de cancelamento;Em andamento;2;
425;21.05.2023;Amanda Dias;71544118688;Nossa Senhora do Socorro;SE;Água e Esgoto;ifood;Estorno não realizado;Finalizado não avaliado;5;19
426;10-05-2023;Maria Silva;112-214-524-18;Ilhéus;BA;Energia Elétrica;CASAS BAHIA;Defeito no produto;Não Resolvido;4;37
427;27/5/2023;ANA OLIVEIRA;297 578 139 50;Plano Piloto;DF;Eletrônicos e Celulares;uber;Erro no aplicativo;Não Resolvido;N/A;88
428;2023-09-18;Bruno Carvalho;14660015968;Caracaraí;RR;Água e Esgoto;gol linhas aéreas;Estorno não realizado;Resolvido;2;11
429;12/02/2023;Gustavo Rocha;450-612-820-22;Lauro de Freitas;BA;Comércio Eletrônico;Rappi;Falta de resposta;Em andamento;5;73
430;28-10-2024;Patrícia Mendes;755-335-988-86;Vilhena;RO;Correios e Entregas;latam airlines;Conta contestada;Em andamento;5;33
431;26/06/2024;Vanessa Gomes;171 942 242 85;Uberaba;MG;Bancos e Financeiras;uber;Produto diferente do anunciado;Finalizado não avaliado;4;57
432;22/06/2024;Patrícia Mendes;180-818-142-32;Curitiba;PR;Telecomunicações - Telefonia Móvel;Rappi;Cobrança indevida;Resolvido;1;3
433;8/11/2024;Rafael Martins;891 979 483 88;Cabo de Santo Agostinho;PE;Alimentação - Delivery;RAPPI;Dificuldade de cancelamento;Finalizado avaliado;5;43
434;02/07/2024;Rafael Martins;138-975-293-48;Porto Velho;RO;Cartões de Crédito/Débito;Oi Fixo;Defeito no produto;Finalizado avaliado;5;
435;26.07.2024;Vanessa Gomes;760-705-948-96;Camaçari;BA;Viagens e Turismo;Vivo S.A.;Produto diferente do anunciado;Não Resolvido;N/A;N/A
436;14/01/2023;Maria Silva;742.595.590-56;Juiz de Fora;MG;Viagens e Turismo;Vivo;Dados incorretos na fatura;Finalizado não avaliado;1;20
437;19/8/2023;Bruno Carvalho;151.915.910-41;Boa Vista;RR;Telecomunicações - Telefonia Móvel;azul;Cobrança após cancelamento;Em andamento;1;25
438;13/8/2023;Amanda Dias;537.100.406-85;Betim;MG;Comércio Eletrônico;amazon brasil;Internet instável;Em andamento;3;59
439;2023-04-16;Camila Rodrigues;692 137 872 15;Manacapuru;AM;Cartões de Crédito/Débito;apple;Atraso na entrega;Finalizado não avaliado;4;38
440;13.01.2023;Ana Oliveira;807.285.524-26;Curitiba;PR;Telecomunicações - Internet;Mercadolivre;Falta de resposta;Em andamento;N/A;48
441;21/02/2023;Fernanda Pereira;220-503-126-35;Vitória;ES;Alimentação - Delivery;CPFL ENERGIA;Cobrança indevida;Não Resolvido;2;-2
442;2024-05-18;Felipe Ribeiro;607 778 237 11;Lauro de Freitas;BA;Cartões de Crédito/Débito;Caixa Econômica;Dados incorretos na fatura;Resolvido;5;N/A
443;13-06-2023;Daniela Araújo;112-323-827-77;Paulista;PE;Seguros;Banco Bradesco;Dados incorretos na fatura;Em análise;5;14
444;22-06-2024;Amanda Dias;37842258526;Brasília;DF;Alimentação - Delivery;CAIXA ECONÔMICA;Cobrança indevida;Não Resolvido;4;7
445;18/10/2024;Felipe Ribeiro;10057439884;Ceará-Mirim;RN;Energia Elétrica;sabesp;Qualidade abaixo do esperado;Não Resolvido;1;44
446;28.03.2024;Patrícia Mendes;63371632637;Rio de Janeiro;RJ;Telecomunicações - Internet;Vivo;Atendimento precário;Finalizado não avaliado;3;85
447;23/05/2024;Juliana Costa;505.231.197-94;Ponta Porã;MS;Cartões de Crédito/Débito;Bradesco;Internet instável;Resolvido;2;34
448;18-04-2023;Bruno Carvalho;714 277 893 31;Sorriso;MT;Água e Esgoto;Mercadolivre;Dados incorretos na fatura;Não Resolvido;1;
449;2023-04-14;Amanda Dias;145 259 906 77;Ponta Porã;MS;Transporte Aéreo;oi fixo;Cobrança indevida;Em análise;2;84
450;16/11/2023;Larissa Barbosa;55718084095;São José dos Pinhais;PR;Eletrônicos e Celulares;MAGAZINE LUIZA;Conta contestada;Finalizado não avaliado;2;88
451;25/12/2023;Larissa Barbosa;564 496 205 96;Criciúma;SC;Comércio Eletrônico;LIGHT;Atraso na entrega;Em andamento;4;37
452;19/04/2023;Carlos Souza;263-714-286-40;Palmeira dos Índios;AL;Correios e Entregas;T.I.M.;Erro no aplicativo;Em análise;1;63
453;23/10/2023;Patrícia Mendes;431-764-345-98;Montes Claros;MG;Seguros;Americanas;Produto diferente do anunciado;Resolvido;3;39
454;15/6/2024;Roberto Almeida;608 701 391 88;Porto Alegre;RS;Transporte por Aplicativo;Motorola;Produto não entregue;Finalizado avaliado;5;40
455;22-11-2023;João Santos;820.306.261-28;Vitória da Conquista;BA;Transporte por Aplicativo;uber;Falta de resposta;Em andamento;;35
456;21.08.2024;Pedro Lima;526 366 322 87;Maringá;PR;Transporte Aéreo;TIM;Cobrança indevida;Finalizado avaliado;2;51
457;2024-05-06;Felipe Ribeiro;916 328 322 52;Porto Velho;RO;Telecomunicações - TV por Assinatura;99;Atraso na entrega;Finalizado não avaliado;4;
458;15.08.2023;Pedro Lima;936-432-427-74;Manaus;AM;Alimentação - Delivery;CORREIOS;Voo cancelado sem aviso;Finalizado avaliado;4;23
459;2023-04-22;Pedro Lima;877-165-388-82;São José dos Pinhais;PR;Bancos e Financeiras;motorola;Falta de resposta;Em análise;N/A;36
460;04.05.2024;Bruno Carvalho;464 906 425 19;Anápolis;GO;Água e Esgoto;BANCO DO BRASIL;Cobrança indevida;Resolvido;3;68
461;17/8/2024;Patrícia Mendes;526.781.916-80;Nossa Senhora do Socorro;SE;Transporte por Aplicativo;correios;Falta de resposta;Em andamento;N/A;28
462;21.09.2023;Juliana Costa;477 513 451 86;Salvador;BA;Eletrônicos e Celulares;AZUL;Atendimento precário;Resolvido;1;22
463;19.08.2024;Gustavo Rocha;94813166330;Uberlândia;MG;Alimentação - Delivery;Itaú Unibanco;Cobrança indevida;Não Resolvido;1;53
464;8/9/2023;Felipe Ribeiro;737 782 794 52;Bayeux;PB;Viagens e Turismo;BANCO DO BRASIL;Internet instável;Não Resolvido;3;75
465;2023-07-18;Gustavo Rocha;170.855.984-57;São Gonçalo do Amarante;RN;Telecomunicações - Internet;LATAM Airlines;Defeito no produto;Resolvido;4;60
466;28.10.2024;João Santos;504 526 179 50;Maringá;PR;Energia Elétrica;UBER;Serviço não prestado;Em análise;2;52
467;2023-01-06;Juliana Costa;444-258-563-51;Floriano;PI;Telecomunicações - TV por Assinatura;ENEL;Produto diferente do anunciado;Resolvido;2;
468;09-02-2024;Carlos Souza;870-571-288-33;Contagem;MG;Telecomunicações - Internet;iFood;Cobrança indevida;Resolvido;N/A;43
469;25-08-2024;Juliana Costa;779 256 557 66;Uberlândia;MG;Energia Elétrica;Light;Defeito no produto;Em análise;4;64
470;05.10.2024;Lucas Nascimento;27939135581;Penedo;AL;Alimentação - Delivery;AMAZON BRASIL;Atraso na entrega;Resolvido;2;3
471;24.09.2023;Bruno Carvalho;845 433 100 93;Ribeirão das Neves;MG;Transporte Aéreo;RAPPI;Falta de resposta;Em andamento;3;3
472;2024-08-28;Gustavo Rocha;76865791848;Dourados;MS;Telecomunicações - Telefonia Móvel;cvc viagens;Falta de resposta;Finalizado avaliado;1;78
473;9/9/2023;Ana Oliveira;525-172-966-84;Aracaju;SE;Transporte Aéreo;tim;Propaganda enganosa;Resolvido;N/A;80
474;7/1/2024;Camila Rodrigues;57430712675;Vilhena;RO;Seguros;cvc viagens;Voo cancelado sem aviso;Não Resolvido;4;31
475;11/01/2024;Vanessa Gomes;194-733-217-74;Ji-Paraná;RO;Seguros;gol linhas aéreas;Atendimento precário;Em análise;1;27
476;2024-03-08;Ana Oliveira;68523314725;Salvador;BA;Cartões de Crédito/Débito;Apple;Cobrança após cancelamento;Finalizado não avaliado;5;
477;05.01.2024;Ana Oliveira;823.358.124-79;Feira de Santana;BA;Comércio Eletrônico;99;Dados incorretos na fatura;Finalizado avaliado;2;55
478;22-03-2023;Felipe Ribeiro;758 707 220 55;Goiânia;GO;Transporte por Aplicativo;Banco do Brasil;Estorno não realizado;Não Resolvido;2;21
479;08.07.2024;Vanessa Gomes;25761172142;Campinas;SP;Água e Esgoto;OI FIXO;Dificuldade de cancelamento;Não Resolvido;1;
480;22-07-2024;João Santos;817.630.480-98;São Gonçalo;RJ;Telecomunicações - Internet;Oi Fixo;Atraso na entrega;Finalizado não avaliado;5;79
481;14/11/2024;Ana Oliveira;790 254 300 38;Chapecó;SC;Energia Elétrica;Banco do Brasil;Internet instável;Finalizado avaliado;3;
482;25.02.2023;CARLOS SOUZA;284 321 569 10;Santos;SP;Cartões de Crédito/Débito;cpfl energia;Produto diferente do anunciado;Em análise;5;80
483;2023-03-19;Thiago Ferreira;117-602-818-22;Itapipoca;CE;Seguros;cpfl energia;Cobrança após cancelamento;Finalizado não avaliado;2;18
484;25/04/2024;Larissa Barbosa;660.239.999-27;Mossoró;RN;Alimentação - Delivery;Sky Brasil;Conta contestada;Resolvido;4;51
485;06.05.2023;Juliana Costa;32220446761;Brasília;DF;Seguros;99;Cobrança após cancelamento;Finalizado avaliado;2;2
486;02/01/2023;Felipe Ribeiro;829.880.952-35;Abaetetuba;PA;Transporte Aéreo;Motorola;Voo cancelado sem aviso;Finalizado não avaliado;4;68
487;2023-07-22;Camila Rodrigues;19680473177;Ji-Paraná;RO;Eletrônicos e Celulares;Motorola;Cobrança indevida;Resolvido;1;31
488;13/01/2024;João Santos;331-578-312-39;Tangará da Serra;MT;Telecomunicações - TV por Assinatura;Rappi;Erro no aplicativo;Em análise;2;N/A
489;13-05-2023;Gustavo Rocha;56274669565;Lauro de Freitas;BA;Bancos e Financeiras;B2W - Americanas;Conta contestada;Finalizado avaliado;2;55
490;21/01/2024;Pedro Lima;305-985-793-26;Pacaraima;RR;Cartões de Crédito/Débito;AMERICANAS;Voo cancelado sem aviso;Resolvido;5;5
491;11/12/2024;Pedro Lima;21893144615;Joinville;SC;Telecomunicações - TV por Assinatura;Amazon Brasil;Voo cancelado sem aviso;Em andamento;4;53
492;06-04-2024;Daniela Araújo;584.473.637-70;Picos;PI;Telecomunicações - Telefonia Móvel;Banco do Brasil;Cobrança após cancelamento;Em análise;5;79
493;23/6/2023;Lucas Nascimento;97494364415;Bayeux;PB;Telecomunicações - Telefonia Móvel;oi fixo;Produto não entregue;Finalizado não avaliado;1;70
494;28/12/2024;Rafael Martins;23914974452;Itajaí;SC;Telecomunicações - TV por Assinatura;motorola;Propaganda enganosa;Em andamento;4;9
495;20/8/2023;Carlos Souza;419.314.451-39;Belo Horizonte;MG;Energia Elétrica;LATAM Airlines;Atendimento precário;Finalizado avaliado;5;88
496;20/10/2024;Gustavo Rocha;624 243 770 34;Vitória;ES;Eletrônicos e Celulares;Telefonica Brasil;Conta contestada;Finalizado avaliado;5;
497;16/01/2023;João Santos;123 462 232 20;Caruaru;PE;Telecomunicações - Telefonia Móvel;Rappi;Estorno não realizado;Resolvido;3;56
498;12/12/2023;João Santos;597.889.629-19;Juazeiro;BA;Alimentação - Delivery;banco do brasil;Cobrança após cancelamento;Resolvido;2;29
499;23/04/2023;Bruno Carvalho;552 887 939 18;Paulista;PE;Água e Esgoto;cvc viagens;Estorno não realizado;Em andamento;4;59
500;01.01.2024;Fernanda Pereira;690 840 715 17;Linhares;ES;Transporte Aéreo;SKY BRASIL;Propaganda enganosa;Finalizado avaliado;1;32
501;2024-06-13;Rafael Martins;108-927-669-42;Vila Velha;ES;Transporte Aéreo;latam airlines;Dados incorretos na fatura;Em andamento;4;22
502;20-07-2024;Roberto Almeida;600-954-474-96;Juazeiro do Norte;CE;Bancos e Financeiras;Casas bahia;Produto diferente do anunciado;Finalizado não avaliado;N/A;34
503;01.01.2024;Amanda Dias;636 975 340 34;Santarém;PA;Água e Esgoto;Vivo S.A.;Produto diferente do anunciado;Não Resolvido;5;N/A
504;13-03-2024;Thiago Ferreira;34535369293;Pelotas;RS;Bancos e Financeiras;UBER;Falta de resposta;Em análise;4;N/A
505;2023-06-11;Juliana Costa;92261347315;Picos;PI;Eletrônicos e Celulares;AMAZON BRASIL;Atraso na entrega;Em análise;4;3
506;13/9/2023;Vanessa Gomes;635.410.822-96;Foz do Iguaçu;PR;Alimentação - Delivery;Casas Bahia;Estorno não realizado;Finalizado não avaliado;3;67
507;08/11/2023;Patrícia Mendes;425 366 774 16;Jaboatão dos Guararapes;PE;Eletrônicos e Celulares;cpfl energia;Produto não entregue;Em andamento;3;64
508;14/11/2024;João Santos;461-445-168-26;Piripiri;PI;Telecomunicações - Telefonia Móvel;uber;Serviço não prestado;Não Resolvido;4;78
509;17/08/2024;Ana Oliveira;673 645 729 37;Vilhena;RO;Correios e Entregas;99;Atendimento precário;Em andamento;5;53
510;22/4/2024;Patrícia Mendes;727.168.459-47;Araguaína;TO;Eletrônicos e Celulares;GOL Linhas Aéreas;Falta de resposta;Em análise;1;13
511;06/05/2024;Pedro Lima;515-797-796-83;Porto Velho;RO;Cartões de Crédito/Débito;CVC Viagens;Atraso na entrega;Em análise;2;51
512;11/4/2023;Patrícia Mendes;39052626610;Juazeiro do Norte;CE;Seguros;CPFL ENERGIA;Propaganda enganosa;Em andamento;5;80
513;16/10/2024;João Santos;968-947-591-52;Cabedelo;PB;Correios e Entregas;SAMSUNG;Atraso na entrega;Não Resolvido;4;58
514;16/01/2023;João Santos;228 354 941 26;Rio Largo;AL;Transporte Aéreo;Correios;Falta de resposta;Resolvido;3;46
515;2024-11-05;Bruno Carvalho;11743772789;Joinville;SC;Cartões de Crédito/Débito;99;Propaganda enganosa;Finalizado não avaliado;1;16
516;23/8/2024;Roberto Almeida;329.526.307-40;Timon;MA;Eletrônicos e Celulares;CVC VIAGENS;Produto não entregue;Resolvido;4;25
517;02-08-2023;Ana Oliveira;452 496 120 53;São Bernardo do Campo;SP;Energia Elétrica;CPFL Energia;Produto diferente do anunciado;Finalizado avaliado;4;
518;12.08.2024;Maria Silva;133-364-811-40;Araguaína;TO;Energia Elétrica;Sky Brasil;Falta de resposta;Em andamento;2;54
519;01/04/2023;Vanessa Gomes;462.790.520-64;Caracaraí;RR;Viagens e Turismo;CAIXA ECONÔMICA;Propaganda enganosa;Finalizado avaliado;1;0
520;24-03-2024;Roberto Almeida;40662481621;Aparecida de Goiânia;GO;Energia Elétrica;Azul;Serviço não prestado;Em análise;3;62
521;17-10-2024;Amanda Dias;52431370683;Ceará-Mirim;RN;Energia Elétrica;SABESP;Voo cancelado sem aviso;Em análise;1;67
522;26.08.2024;Fernanda Pereira;239-860-339-20;Sena Madureira;AC;Eletrônicos e Celulares;ENEL;Qualidade abaixo do esperado;Em andamento;5;37
523;04-12-2023;Bruno Carvalho;754.584.293-56;Cabedelo;PB;Energia Elétrica;caixa econômica;Produto diferente do anunciado;Finalizado avaliado;5;34
524;28.09.2023;Fernanda Pereira;599.674.619-19;Castanhal;PA;Transporte Aéreo;Magazine luiza;Defeito no produto;Em andamento;4;75
525;11.02.2023;Patrícia Mendes;487-380-752-68;Rorainópolis;RR;Transporte Aéreo;VIVO;Qualidade abaixo do esperado;Resolvido;4;
526;22/9/2023;Bruno Carvalho;373-141-607-14;Campo Grande;MS;Viagens e Turismo;Sabesp;Cobrança indevida;Não Resolvido;3;-1
527;04.03.2024;Felipe Ribeiro;543-609-307-87;Ponta Porã;MS;Telecomunicações - Telefonia Móvel;BRADESCO;Serviço não prestado;Finalizado não avaliado;4;16
528;05-06-2023;Carlos Souza;223 999 878 74;Ribeirão Preto;SP;Seguros;RAPPI;Produto não entregue;Resolvido;4;50
529;2024-07-19;Patrícia Mendes;971 186 591 49;Santarém;PA;Seguros;iFood;Defeito no produto;Em andamento;5;45
530;03.02.2024;Thiago Ferreira;944-531-179-20;Arapiraca;AL;Água e Esgoto;CPFL ENERGIA;Qualidade abaixo do esperado;Em análise;1;41
531;9/4/2024;Patrícia Mendes;98512844078;Manacapuru;AM;Eletrônicos e Celulares;Light;Atraso na entrega;Finalizado avaliado;4;9
532;04-09-2024;Vanessa Gomes;862 581 194 67;Rorainópolis;RR;Seguros;Light;Internet instável;Finalizado avaliado;3;57
533;5/7/2024;Ana Oliveira;52981546271;Penedo;AL;Água e Esgoto;Magazine Luiza;Propaganda enganosa;Não Resolvido;5;52
534;07-12-2023;Thiago Ferreira;612 487 590 85;São Cristóvão;SE;Bancos e Financeiras;Via - Casas Bahia;Dificuldade de cancelamento;Não Resolvido;2;64
535;27-05-2023;Thiago Ferreira;589.685.424-84;Rio Largo;AL;Telecomunicações - TV por Assinatura;gol linhas aéreas;Atendimento precário;Não Resolvido;4;33
536;2023-03-11;Daniela Araújo;697 366 719 89;Santana;AP;Bancos e Financeiras;ML;Erro no aplicativo;Em análise;;54
537;25-12-2024;Vanessa Gomes;12516383755;Ponta Grossa;PR;Água e Esgoto;rappi;Serviço não prestado;Não Resolvido;4;27
538;18.08.2024;Maria Silva;31941863131;Natal;RN;Transporte Aéreo;sabesp;Conta contestada;Finalizado não avaliado;;71
539;7/5/2024;Roberto Almeida;983.954.122-64;Vilhena;RO;Bancos e Financeiras;Bradesco S.A.;Falta de resposta;Finalizado não avaliado;3;84
540;2024-05-15;Ana Oliveira;644 497 485 14;Rio Largo;AL;Seguros;TIM;Erro no aplicativo;Em análise;2;76
541;26/06/2024;Patrícia Mendes;987.648.132-55;Linhares;ES;Eletrônicos e Celulares;amazon brasil;Cobrança após cancelamento;Finalizado avaliado;3;5
542;03.11.2024;Felipe Ribeiro;608 473 856 79;Imperatriz;MA;Água e Esgoto;MAGAZINE LUIZA;Produto não entregue;Em andamento;4;12
543;13-04-2024;Daniela Araújo;53827779162;São José de Ribamar;MA;Transporte por Aplicativo;LIGHT;Dados incorretos na fatura;Finalizado não avaliado;4;90
544;14/6/2023;Ana Oliveira;220-784-853-75;Santa Maria;RS;Cartões de Crédito/Débito;IFOOD;Falta de resposta;Em análise;1;74
545;16/02/2023;Maria Silva;614 527 877 16;Campo Grande;MS;Telecomunicações - Internet;Magazine luiza;Atraso na entrega;Não Resolvido;3;43
546;18/6/2023;Maria Silva;347-675-129-18;Ariquemes;RO;Correios e Entregas;latam airlines;Cobrança indevida;Em análise;1;5
547;14-08-2023;Carlos Souza;246-938-788-16;Tangará da Serra;MT;Viagens e Turismo;CORREIOS;Cobrança indevida;Finalizado não avaliado;1;30
548;16.05.2023;Vanessa Gomes;123-190-200-34;Ji-Paraná;RO;Viagens e Turismo;Sabesp;Cobrança indevida;Não Resolvido;2;58
549;05.06.2024;Fernanda Pereira;193-606-809-27;Rorainópolis;RR;Telecomunicações - Telefonia Móvel;Enel;Defeito no produto;Em andamento;1;51
550;08-01-2024;Larissa Barbosa;725 507 422 39;Porto Velho;RO;Comércio Eletrônico;uber;Produto não entregue;Finalizado avaliado;5;45
551;2024-12-24;Gustavo Rocha;70818990024;Betim;MG;Telecomunicações - Internet;Amazon Brasil;Voo cancelado sem aviso;Não Resolvido;2;65
552;22-03-2024;Juliana Costa;49994412575;Abaetetuba;PA;Viagens e Turismo;B2W - Americanas;Voo cancelado sem aviso;Não Resolvido;2;N/A
553;2023-12-19;Gustavo Rocha;506.128.795-33;Castanhal;PA;Transporte por Aplicativo;99;Produto não entregue;Resolvido;1;N/A
554;01/06/2023;Lucas Nascimento;125 662 958 34;Santarém;PA;Transporte Aéreo;APPLE;Internet instável;Finalizado avaliado;;38
555;12/4/2024;Carlos Souza;27887988043;Bayeux;PB;Seguros;99;Voo cancelado sem aviso;Finalizado não avaliado;1;52
556;2023-12-17;Maria Silva;65614347060;Blumenau;SC;Telecomunicações - Telefonia Móvel;BRADESCO;Dados incorretos na fatura;Não Resolvido;4;22
557;03.06.2024;João Santos;545-488-639-75;Rio Verde;GO;Água e Esgoto;RAPPI;Produto diferente do anunciado;Em análise;2;63
558;26.01.2024;Carlos Souza;911.933.383-99;Anápolis;GO;Bancos e Financeiras;sabesp;Dificuldade de cancelamento;Em andamento;;63
559;23-11-2024;Juliana Costa;637-745-510-25;Maceió;AL;Transporte por Aplicativo;MercadoLivre;Propaganda enganosa;Em andamento;5;N/A
560;1/11/2024;LUCAS NASCIMENTO;581-559-535-21;Sinop;MT;Eletrônicos e Celulares;tim;Conta contestada;Finalizado não avaliado;5;75
561;23.02.2023;Roberto Almeida;271 536 877 67;Manaus;AM;Telecomunicações - Telefonia Móvel;CPFL ENERGIA;Produto não entregue;Resolvido;1;63
562;21.09.2024;Gustavo Rocha;350 293 188 83;Itacoatiara;AM;Telecomunicações - TV por Assinatura;Vivo / Telefônica;Atendimento precário;Em análise;5;73
563;26.06.2024;Bruno Carvalho;754-607-614-12;Codó;MA;Transporte por Aplicativo;CPFL ENERGIA;Atraso na entrega;Finalizado não avaliado;2;35
564;21/4/2024;Felipe Ribeiro;510-413-544-13;Belford Roxo;RJ;Correios e Entregas;amazon brasil;Internet instável;Finalizado não avaliado;N/A;47
565;05/05/2024;Thiago Ferreira;361-391-727-59;Laranjal do Jari;AP;Água e Esgoto;Enel;Estorno não realizado;Finalizado avaliado;N/A;
566;10/1/2023;Daniela Araújo;23653636737;Petrolina;PE;Alimentação - Delivery;ENEL;Produto não entregue;Finalizado avaliado;4;56
567;2024-08-21;Gustavo Rocha;867.725.719-32;Itabuna;BA;Telecomunicações - Telefonia Móvel;correios;Voo cancelado sem aviso;Resolvido;2;12
568;23/10/2024;João Santos;73337862714;Penedo;AL;Telecomunicações - TV por Assinatura;SKY BRASIL;Cobrança após cancelamento;Não Resolvido;3;46
569;10.05.2024;Fernanda Pereira;964 131 918 61;Ceilândia;DF;Comércio Eletrônico;ITAÚ;Defeito no produto;Não Resolvido;4;71
570;2024-01-06;Roberto Almeida;700 260 612 15;Aracaju;SE;Viagens e Turismo;Bradesco;Internet instável;Finalizado não avaliado;1;13
571;08/11/2024;João Santos;380 284 766 39;Vilhena;RO;Transporte por Aplicativo;99;Voo cancelado sem aviso;Resolvido;4;78
572;20/3/2023;Patrícia Mendes;96343928264;Ribeirão Preto;SP;Bancos e Financeiras;AMERICANAS;Internet instável;Resolvido;5;63
573;12/11/2024;Gustavo Rocha;60666872714;Lauro de Freitas;BA;Bancos e Financeiras;azul;Conta contestada;Resolvido;1;41
574;10.01.2023;Daniela Araújo;441 873 611 43;Sorocaba;SP;Eletrônicos e Celulares;azul;Qualidade abaixo do esperado;Em andamento;2;69
575;13/2/2024;Felipe Ribeiro;954.902.828-64;Pacaraima;RR;Alimentação - Delivery;Rappi;Conta contestada;Finalizado avaliado;5;56
576;28-12-2023;Maria Silva;39923130520;Coari;AM;Telecomunicações - Telefonia Móvel;CORREIOS;Internet instável;Em andamento;;17
577;18.03.2023;Lucas Nascimento;948-681-690-96;Timon;MA;Telecomunicações - Internet;AMAZON BRASIL;Cobrança indevida;Não Resolvido;3;
578;22.04.2024;Daniela Araújo;98076655365;Salvador;BA;Cartões de Crédito/Débito;Magazine luiza;Estorno não realizado;Não Resolvido;2;52
579;21/08/2024;Lucas Nascimento;52063371899;Arapiraca;AL;Cartões de Crédito/Débito;Casas bahia;Dados incorretos na fatura;Finalizado não avaliado;2;14
580;09-07-2023;Larissa Barbosa;332-215-715-60;Porto Velho;RO;Comércio Eletrônico;AMERICANAS;Dados incorretos na fatura;Finalizado não avaliado;1;33
581;13-10-2024;Lucas Nascimento;331 330 534 80;Palmeira dos Índios;AL;Telecomunicações - Telefonia Móvel;CPFL ENERGIA;Produto não entregue;Em análise;4;83
582;08.06.2023;Juliana Costa;785 408 316 48;Manacapuru;AM;Telecomunicações - Internet;Magalu;Falta de resposta;Em análise;;10
583;09.05.2023;João Santos;919-471-633-48;Ribeirão Preto;SP;Correios e Entregas;Magazine luiza;Atraso na entrega;Finalizado não avaliado;4;66
584;10/07/2024;João Santos;379 255 255 92;São José dos Campos;SP;Eletrônicos e Celulares;caixa econômica;Estorno não realizado;Resolvido;1;80
585;2024-07-21;Vanessa Gomes;394.825.476-25;Ananindeua;PA;Viagens e Turismo;Itaú;Serviço não prestado;Em análise;2;53
586;25-05-2023;Bruno Carvalho;238 494 755 53;Tangará da Serra;MT;Eletrônicos e Celulares;Sabesp;Cobrança indevida;Em andamento;5;73
587;20.06.2023;Fernanda Pereira;161.534.508-69;São Cristóvão;SE;Viagens e Turismo;APPLE;Atendimento precário;Em andamento;2;77
588;3/5/2024;Camila Rodrigues;730 124 274 21;Oiapoque;AP;Telecomunicações - Telefonia Móvel;CPFL Energia;Atendimento precário;Não Resolvido;2;76
589;14.07.2024;Fernanda Pereira;41289077886;Itabuna;BA;Alimentação - Delivery;cvc viagens;Serviço não prestado;Em andamento;1;81
590;18.05.2023;FERNANDA PEREIRA;291.828.282-89;Pacaraima;RR;Bancos e Financeiras;rappi;Qualidade abaixo do esperado;Resolvido;2;N/A
591;25/7/2023;Vanessa Gomes;718-113-189-10;Mossoró;RN;Comércio Eletrônico;CVC Viagens;Voo cancelado sem aviso;Em análise;5;78
592;05.01.2024;ANA OLIVEIRA;823.358.124-79;Feira de Santana;BA;Comércio Eletrônico;99;Dados incorretos na fatura;Finalizado avaliado;2;55
593;17/12/2024;Amanda Dias;922-362-351-20;Oiapoque;AP;Bancos e Financeiras;uber;Cobrança após cancelamento;Resolvido;5;N/A
594;13-02-2024;Patrícia Mendes;808 609 978 50;Ceará-Mirim;RN;Telecomunicações - Internet;LIGHT;Propaganda enganosa;Em análise;5;23
595;13.01.2024;Amanda Dias;946 909 571 10;Plano Piloto;DF;Energia Elétrica;OI FIXO;Cobrança após cancelamento;Em análise;5;30
596;2024-04-19;Vanessa Gomes;301.397.863-57;Sobral;CE;Água e Esgoto;itau;Qualidade abaixo do esperado;Em andamento;5;18
597;15/6/2024;Vanessa Gomes;925 250 963 52;Oiapoque;AP;Energia Elétrica;enel;Dificuldade de cancelamento;Não Resolvido;4;N/A
598;2023-10-27;Gustavo Rocha;97225822333;Patos;PB;Telecomunicações - TV por Assinatura;GOL Linhas Aéreas;Dados incorretos na fatura;Não Resolvido;5;
599;2023-08-05;Roberto Almeida;638.949.207-57;Gurupi;TO;Cartões de Crédito/Débito;motorola;Propaganda enganosa;Finalizado não avaliado;5;N/A
600;25/11/2023;Lucas Nascimento;125-814-928-51;Novo Hamburgo;RS;Transporte por Aplicativo;AMERICANAS;Serviço não prestado;Em andamento;2;85
601;2023-08-01;Daniela Araújo;582 840 979 73;Sorocaba;SP;Comércio Eletrônico;UBER;Cobrança indevida;Em andamento;3;53
602;16.09.2023;Thiago Ferreira;344.794.138-37;Castanhal;PA;Bancos e Financeiras;Samsung;Propaganda enganosa;Finalizado não avaliado;2;42
603;02-09-2023;Thiago Ferreira;94051131248;Belém;PA;Alimentação - Delivery;B2W - Americanas;Propaganda enganosa;Em análise;2;19
604;09.03.2023;Bruno Carvalho;386.681.832-16;Salvador;BA;Seguros;UBER;Estorno não realizado;Resolvido;3;N/A
605;25/9/2023;Thiago Ferreira;851-758-674-88;Foz do Iguaçu;PR;Energia Elétrica;Sabesp;Atendimento precário;Resolvido;5;74
606;21/1/2023;Pedro Lima;210 470 969 17;Caxias;MA;Transporte por Aplicativo;Mercado Livre;Voo cancelado sem aviso;Não Resolvido;;30
607;2023-04-12;Pedro Lima;83464910124;Itapipoca;CE;Energia Elétrica;Sabesp;Dados incorretos na fatura;Em andamento;1;66
608;2024-09-16;Fernanda Pereira;68198941064;Porto Nacional;TO;Transporte por Aplicativo;Banco do Brasil;Estorno não realizado;Finalizado não avaliado;;
609;25/9/2023;Daniela Araújo;957 839 539 75;Londrina;PR;Bancos e Financeiras;gol linhas aéreas;Propaganda enganosa;Não Resolvido;5;11
610;02-06-2024;Maria Silva;604-178-362-76;Santo André;SP;Transporte Aéreo;SAMSUNG;Qualidade abaixo do esperado;Não Resolvido;3;20
611;23-11-2023;João Santos;684 627 340 44;Vila Velha;ES;Alimentação - Delivery;vivo telefonica;Serviço não prestado;Em andamento;3;39
612;2023-12-21;Roberto Almeida;381 974 553 42;Joinville;SC;Viagens e Turismo;americanas;Defeito no produto;Finalizado não avaliado;2;47
613;07-12-2024;João Santos;388.185.514-46;Caracaraí;RR;Telecomunicações - TV por Assinatura;latam airlines;Dificuldade de cancelamento;Não Resolvido;2;88
614;11-08-2024;Thiago Ferreira;710 285 146 51;Gravataí;RS;Correios e Entregas;GOL LINHAS AÉREAS;Dificuldade de cancelamento;Finalizado avaliado;3;78
615;18-07-2024;Maria Silva;871-902-345-70;Jaraguá do Sul;SC;Seguros;ENEL;Falta de resposta;Finalizado avaliado;2;34
616;2023-11-23;Maria Silva;611 178 536 73;Maceió;AL;Correios e Entregas;CVC Viagens;Internet instável;Não Resolvido;1;29
617;23.08.2024;Daniela Araújo;172-426-490-56;Ilhéus;BA;Energia Elétrica;Rappi;Atraso na entrega;Finalizado não avaliado;4;-3
618;06-10-2023;Juliana Costa;731-504-452-53;Anápolis;GO;Transporte por Aplicativo;amazon brasil;Internet instável;Em andamento;3;11
619;11-03-2024;Juliana Costa;43025138032;Porto Nacional;TO;Telecomunicações - Internet;Sky Brasil;Erro no aplicativo;Finalizado não avaliado;5;1
620;2024-12-09;Gustavo Rocha;228-248-623-39;Maracanaú;CE;Seguros;Vivo / Telefônica;Dados incorretos na fatura;Em análise;3;7
621;16/9/2024;Amanda Dias;982 371 359 77;Cariacica;ES;Telecomunicações - Telefonia Móvel;GOL Linhas Aéreas;Erro no aplicativo;Resolvido;2;15
622;13-08-2024;Larissa Barbosa;291.623.583-30;Anápolis;GO;Energia Elétrica;AMERICANAS;Propaganda enganosa;Finalizado não avaliado;3;49
623;17/10/2024;Pedro Lima;309 390 810 36;São José de Ribamar;MA;Correios e Entregas;samsung;Cobrança indevida;Em andamento;1;36
624;09/07/2023;FELIPE RIBEIRO;368 420 696 85;Tarauacá;AC;Bancos e Financeiras;Sabesp;Atraso na entrega;Não Resolvido;3;4
625;1/7/2023;Amanda Dias;610.841.857-91;Santos;SP;Água e Esgoto;Itau Unibanco S.A.;Serviço não prestado;Finalizado não avaliado;4;N/A
626;2023-01-26;João Santos;534-684-339-20;Fortaleza;CE;Seguros;samsung;Serviço não prestado;Em andamento;;N/A
627;2023-08-22;Bruno Carvalho;56312958998;Ceilândia;DF;Bancos e Financeiras;APPLE;Produto diferente do anunciado;Não Resolvido;5;N/A
628;13/1/2024;Bruno Carvalho;90519626951;Tarauacá;AC;Comércio Eletrônico;MOTOROLA;Erro no aplicativo;Finalizado avaliado;1;36
629;07-09-2023;Maria Silva;775 439 498 65;Criciúma;SC;Água e Esgoto;sky brasil;Voo cancelado sem aviso;Finalizado não avaliado;4;39
630;3/9/2024;Camila Rodrigues;17195371499;Lagarto;SE;Alimentação - Delivery;OI FIXO;Internet instável;Em andamento;5;N/A
