ID;Ano;UF;Municipio;Cargo;Candidato;Partido;Numero;Votos;Situacao;Genero;Cor_Raca;Escolaridade
1;2022;SP;São Paulo;Deputado Federal;Guilherme Boulos;PSOL;5000;612000;Eleito;Masculino;Branca;Superior Completo
2;2022;SP;São Paulo;Deputado Federal;Kim Kataguiri;UNIÃO;1740;380000;Eleito;Masculino;Amarela;Superior Completo
3;2022;SP;São Paulo;Deputado Federal;Tabata Amaral;PSB;2525;340000;Eleita;Feminino;Parda;Superior Completo
4;2022;RJ;Rio de Janeiro;Deputado Federal;Marcelo Freixo;PSB;4050;340000;Eleito;Masculino;Branca;Superior Completo
5;2022;MG;Belo Horizonte;Deputado Federal;Nikolas Ferreira;PL;1400;1492000;Eleito;Masculino;Branca;Superior Completo
6;2022;SP;São Paulo;Deputado Federal;Eduardo Bolsonaro;PL;2525;740000;Eleito;Masculino;Branca;Superior Completo
7;2022;RJ;Rio de Janeiro;Deputado Federal;Talíria Petrone;PSOL;5000;220000;Eleita;Feminino;Preta;Superior Completo
8;2022;CE;Fortaleza;Deputado Federal;André Fernandes;PL;2222;230000;Eleito;Masculino;Parda;Superior Incompleto
9;2022;BA;Salvador;Deputado Federal;Alice Portugal;PCdoB;6565;120000;Eleita;Feminino;Branca;Superior Completo
10;2022;PE;Recife;Deputado Federal;Túlio Gadêlha;REDE;1818;220000;Eleito;Masculino;Parda;Superior Completo
11;2022;CE;Caucaia;Deputado Estadual;Antônio Mendes;PODEMOS;4433;228393;Não Eleito;Masculino;Parda;Pós-Graduação
12;2022;PB;João Pessoa;Deputado Federal;Gustavo Rocha;PSD;3589;412324;Eleito;Masculino;Parda;Fundamental Completo
13;2022;ES;Linhares;Deputado Estadual;Francisco Ribeiro;REPUBLICANOS;6336;121119;Não Eleito;Masculino;Branca;Fundamental Completo
14;2022;SC;Itajaí;Senador;Paulo Rodrigues;UNIÃO;8716;4938109;Não Eleito;Masculino;Parda;Médio Incompleto
15;2022;RN;São Gonçalo do Amarante;Deputado Federal;Bruno Ferreira;PRTB;4181;331861;Não Eleito;Masculino;Branca;Médio Completo
16;2022;AL;Penedo;Deputado Federal;Bruno Ferreira;NOVO;7852;90258;Não Eleito;Masculino;Branca;Médio Completo
17;2022;CE;Itapipoca;Deputado Estadual;Camila Pereira;REDE;4763;45837;Não Eleito;Feminino;Parda;Superior Completo
18;2022;DF;Plano Piloto;Deputado Estadual;Carlos Silva;PRTB;8014;386469;Suplente;Masculino;Branca;Superior Incompleto
19;2022;ES;Cachoeiro de Itapemirim;Governador;Maria Santos;SOLIDARIEDADE;1724;386036;2º Turno;Feminino;Parda;Superior Completo
20;2022;PA;Castanhal;Deputado Federal;Fernanda Lima;NOVO;9114;126597;Eleito;Feminino;Parda;Superior Completo
21;2022;PA;Ananindeua;Deputado Federal;Pedro Oliveira;PL;8860;351267;Não Eleito;Masculino;Parda;Superior Completo
22;2022;SC;Florianópolis;Governador;Marcos Pereira;PMN;7641;1601437;Não Eleito;Masculino;Branca;Superior Incompleto
23;2022;RO;Porto Velho;Senador;Roberto Carvalho;CIDADANIA;1535;2517977;Não Eleito;Masculino;Branca;Pós-Graduação
24;2022;PR;Ponta Grossa;Deputado Estadual;Roberto Carvalho;PRTB;1898;270370;Suplente;Masculino;Parda;Pós-Graduação
25;2022;AP;Oiapoque;Deputado Federal;Antônio Mendes;PSOL;3871;340329;Não Eleito;Masculino;Branca;Superior Completo
26;2022;DF;Ceilândia;Governador;Lucas Souza;PTB;8839;6235592;Suplente;Masculino;Parda;Pós-Graduação
27;2022;DF;Ceilândia;Deputado Federal;Luciana Rocha;DC;7929;145803;Eleito;Feminino;Branca;Superior Incompleto
28;2022;PI;Floriano;Senador;Gustavo Rocha;DC;9730;2481691;Não Eleito;Masculino;Branca;Superior Completo
29;2022;RS;Caxias do Sul;Deputado Federal;Juliana Costa;UNIÃO;7400;471282;Não Eleito;Feminino;Amarela;Fundamental Completo
30;2022;CE;Juazeiro do Norte;Deputado Federal;Marcos Pereira;REPUBLICANOS;9530;499677;Não Eleito;Masculino;Branca;Pós-Graduação
31;2022;PR;Maringá;Deputado Estadual;Carlos Silva;PODEMOS;4097;33503;Eleito;Masculino;Parda;Superior Completo
32;2022;PI;Picos;Deputado Estadual;Roberto Carvalho;PCdoB;9686;441902;Não Eleito;Masculino;Parda;Superior Completo
33;2022;SP;Santo André;Deputado Federal;Diego Martins;PSOL;5720;404070;Não Eleito;Masculino;Branca;Médio Completo
34;2022;CE;Sobral;Governador;Carla Silva;PSD;3873;7090824;Não Eleito;Feminino;Preta;Superior Completo
35;2022;CE;Caucaia;Deputado Federal;Mônica Dias;MDB;8223;137028;Não Eleito;Feminino;Branca;Superior Completo
36;2022;RR;Caracaraí;Governador;Bruno Ferreira;PV;3663;4526521;Não Eleito;Masculino;Preta;Superior Incompleto
37;2022;PE;Cabo de Santo Agostinho;Deputado Federal;Roberto Carvalho;MDB;1070;387684;Não Eleito;Masculino;Parda;Superior Completo
38;2022;MA;Timon;Senador;Mônica Dias;DC;3409;4771505;Não Eleito;Feminino;Preta;Médio Completo
39;2022;AP;Oiapoque;Governador;Gustavo Rocha;PP;6047;258000;Não Eleito;Masculino;Parda;Superior Incompleto
40;2022;AM;Itacoatiara;Deputado Federal;Felipe Gomes;CIDADANIA;4639;410117;Suplente;Masculino;Branca;Fundamental Incompleto
41;2022;PR;São José dos Pinhais;Deputado Estadual;Luciana Rocha;AVANTE;4185;257645;Não Eleito;Feminino;Parda;Pós-Graduação
42;2022;RR;Caracaraí;Deputado Federal;Vanessa Ferreira;PSOL;7326;195970;Eleito;Feminino;Branca;Médio Completo
43;2022;PB;Bayeux;Deputado Federal;Cristina Martins;PRTB;7809;421862;Não Eleito;Feminino;Branca;Superior Completo
44;2022;PA;Parauapebas;Senador;Felipe Gomes;PROS;2410;1234933;Não Eleito;Masculino;Parda;Superior Completo
45;2022;MG;Uberlândia;Governador;José Araújo;UNIÃO;1108;3484804;Não Eleito;Masculino;Branca;Médio Incompleto
46;2022;PB;Cabedelo;Deputado Estadual;Amanda Rodrigues;PSD;7254;152262;Não Eleito;Feminino;Branca;Superior Completo
47;2022;TO;Paraíso do Tocantins;Deputado Federal;Bruno Ferreira;PDT;1439;415326;Eleito;Masculino;Branca;Pós-Graduação
48;2022;TO;Porto Nacional;Deputado Federal;Carla Silva;SOLIDARIEDADE;3938;258390;Suplente;Feminino;Parda;Fundamental Incompleto
49;2022;SE;Lagarto;Deputado Estadual;Adriana Carvalho;PRTB;6927;305145;Não Eleito;Feminino;Parda;Médio Completo
50;2022;RR;Pacaraima;Governador;Roberta Araújo;CIDADANIA;1287;7140723;Não Eleito;Feminino;Parda;Médio Incompleto
51;2022;PB;Cabedelo;Deputado Federal;Ricardo Almeida;PSOL;7873;334076;Suplente;Masculino;Branca;Médio Completo
52;2022;PI;Teresina;Deputado Estadual;Camila Pereira;UP;2548;314423;Não Eleito;Feminino;Parda;Superior Completo
53;2022;TO;Gurupi;Deputado Federal;Roberta Araújo;PP;9755;304611;Não Eleito;Feminino;Branca;Médio Incompleto
54;2022;MA;São José de Ribamar;Deputado Estadual;Rafael Costa;PP;4569;81531;Não Eleito;Masculino;Parda;Superior Completo
55;2022;PR;Londrina;Deputado Estadual;Fernanda Lima;MDB;1284;251905;Não Eleito;Feminino;Parda;Médio Incompleto
56;2022;PB;Bayeux;Deputado Estadual;Camila Pereira;PMN;5991;15578;Não Eleito;Feminino;Branca;Fundamental Completo
57;2022;RS;Pelotas;Deputado Estadual;André Lima;MDB;2287;223220;Não Eleito;Masculino;Parda;Fundamental Completo
58;2022;SE;Itabaiana;Deputado Estadual;Lucas Souza;PT;9412;311495;Eleito;Masculino;Branca;Médio Completo
59;2022;AM;Itacoatiara;Deputado Estadual;Fernanda Lima;PROS;4365;308573;Suplente;Feminino;Branca;Médio Completo
60;2022;AM;Parintins;Senador;Mônica Dias;PSOL;6770;1376852;Suplente;Feminino;Parda;Superior Completo
61;2022;PI;Floriano;Deputado Federal;Maria Santos;CIDADANIA;4555;375791;Não Eleito;Feminino;Branca;Pós-Graduação
62;2022;PR;Curitiba;Governador;André Lima;CIDADANIA;8777;3124114;Não Eleito;Masculino;Branca;Superior Completo
63;2022;AP;Santana;Senador;Vanessa Ferreira;REPUBLICANOS;9425;1938863;Não Eleito;Feminino;Parda;Médio Completo
64;2022;PB;João Pessoa;Deputado Estadual;Antônio Mendes;PMN;5723;292597;Não Eleito;Masculino;Branca;Superior Completo
65;2022;MT;Rondonópolis;Deputado Estadual;Cristina Martins;PDT;7672;152852;2º Turno;Feminino;Branca;Superior Completo
66;2022;TO;Porto Nacional;Governador;Carlos Silva;DC;9055;5687945;Eleito;Masculino;Parda;Superior Completo
67;2022;AM;Manaus;Deputado Federal;Felipe Gomes;PP;3764;34426;Não Eleito;Masculino;Branca;Médio Completo
68;2022;MT;Cuiabá;Deputado Federal;Diego Martins;PSDB;5472;397020;Não Eleito;Masculino;Parda;Superior Incompleto
69;2022;PE;Paulista;Deputado Estadual;Diego Martins;CIDADANIA;5569;77766;Não Eleito;Masculino;Branca;Médio Completo
70;2022;PE;Jaboatão dos Guararapes;Deputado Estadual;Lucas Souza;PRTB;1865;435822;Eleito;Masculino;Parda;Pós-Graduação
71;2022;MT;Tangará da Serra;Deputado Estadual;Leandro Dias;PROS;2578;399048;Eleito;Masculino;Parda;Superior Completo
72;2022;SP;Ribeirão Preto;Deputado Federal;Mariana Barbosa;CIDADANIA;5287;284893;Não Eleito;Feminino;Parda;Superior Completo
73;2022;SE;Aracaju;Governador;Fernanda Lima;AVANTE;8374;2688713;Suplente;Feminino;Parda;Fundamental Incompleto
74;2022;CE;Sobral;Deputado Estadual;Camila Pereira;PCdoB;8056;71010;Não Eleito;Feminino;Branca;Superior Completo
75;2022;RJ;Petrópolis;Deputado Estadual;Mônica Dias;PCdoB;8797;295283;Suplente;Feminino;Parda;Superior Incompleto
76;2022;PE;Petrolina;Governador;Antônio Mendes;UP;5660;2738404;Eleito;Masculino;Parda;Fundamental Completo
77;2022;MS;Três Lagoas;Senador;Roberto Carvalho;AVANTE;2594;3621567;Não Eleito;Masculino;Branca;Médio Completo
78;2022;RR;Rorainópolis;Deputado Federal;Felipe Gomes;UNIÃO;2073;456074;Não Eleito;Masculino;Branca;Fundamental Incompleto
79;2022;MG;Belo Horizonte;Deputado Estadual;Mônica Dias;CIDADANIA;7900;140285;Eleito;Feminino;Parda;Fundamental Incompleto
80;2022;MG;Ribeirão das Neves;Deputado Estadual;Lucas Souza;PCdoB;2639;362711;Não Eleito;Masculino;Branca;Superior Completo
81;2022;SE;Lagarto;Deputado Federal;Francisco Ribeiro;REPUBLICANOS;9142;333655;Não Eleito;Masculino;Parda;Superior Completo
82;2022;PR;Ponta Grossa;Deputado Federal;Felipe Gomes;AVANTE;4700;327955;Não Eleito;Masculino;Branca;Superior Completo
83;2022;AP;Laranjal do Jari;Deputado Federal;Thiago Barbosa;PCdoB;7997;110463;Não Eleito;Masculino;Branca;Superior Completo
84;2022;PI;Picos;Deputado Estadual;André Lima;SOLIDARIEDADE;7591;132235;Não Eleito;Masculino;Parda;Superior Completo
85;2022;CE;Fortaleza;Deputado Estadual;Rafael Costa;REDE;9178;112148;Não Eleito;Masculino;Parda;Pós-Graduação
86;2022;GO;Águas Lindas de Goiás;Deputado Estadual;Francisco Ribeiro;REDE;1981;274319;Não Eleito;Masculino;Parda;Médio Completo
87;2022;SC;São José;Senador;Pedro Oliveira;PTB;4335;3489783;Não Eleito;Masculino;Branca;Médio Incompleto
88;2022;RR;Rorainópolis;Deputado Estadual;André Lima;PL;5023;418381;Não Eleito;Masculino;Parda;Superior Completo
89;2022;PA;Marabá;Deputado Estadual;Rafael Costa;PSDB;3235;15778;Não Eleito;Masculino;Parda;Superior Completo
90;2022;CE;Crato;Senador;Mariana Barbosa;PL;1906;734052;Não Eleito;Feminino;Branca;Fundamental Completo
91;2022;PA;Santarém;Deputado Estadual;Tatiana Ribeiro;PRTB;3302;124253;Eleito;Feminino;Parda;Pós-Graduação
92;2022;PI;Floriano;Governador;Larissa Nascimento;PCdoB;2478;2047133;Não Eleito;Feminino;Parda;Médio Completo
93;2022;TO;Paraíso do Tocantins;Deputado Estadual;Bruna Almeida;SOLIDARIEDADE;4571;76143;Eleito;Feminino;Branca;Médio Completo
94;2022;PA;Santarém;Senador;Gustavo Rocha;PSOL;2850;2684910;Não Eleito;Masculino;Parda;Médio Completo
95;2022;GO;Aparecida de Goiânia;Deputado Federal;Carla Silva;PL;1570;441674;Não Eleito;Feminino;Parda;Fundamental Completo
96;2022;SP;São Bernardo do Campo;Deputado Federal;Antônio Mendes;DC;2999;280947;Suplente;Masculino;Parda;Superior Incompleto
97;2022;MT;Rondonópolis;Deputado Federal;Bruna Almeida;PODEMOS;4446;451081;Suplente;Feminino;Preta;Superior Completo
98;2022;SP;Sorocaba;Deputado Estadual;Pedro Oliveira;UP;9055;247487;Não Eleito;Masculino;Preta;Médio Completo
99;2022;PA;Abaetetuba;Deputado Federal;Ricardo Almeida;CIDADANIA;2087;184974;Não Eleito;Masculino;Parda;Superior Completo
100;2022;MG;Uberaba;Deputado Estadual;Camila Pereira;PTB;8264;415221;Não Eleito;Feminino;Branca;Médio Completo
101;2022;MA;São José de Ribamar;Deputado Estadual;Paulo Rodrigues;CIDADANIA;3131;444551;Não Eleito;Masculino;Branca;Pós-Graduação
102;2022;PB;Patos;Senador;Rafael Costa;DC;6367;2393887;Não Eleito;Masculino;Branca;Médio Completo
103;2022;MT;Tangará da Serra;Deputado Federal;Sandra Gomes;PTB;4747;475947;Eleito;Feminino;Parda;Médio Completo
104;2022;CE;Fortaleza;Deputado Estadual;Ricardo Almeida;MDB;2459;193396;Não Eleito;Masculino;Parda;Fundamental Incompleto
105;2022;PI;Piripiri;Deputado Estadual;Mariana Barbosa;PP;4677;374612;Não Eleito;Feminino;Preta;Superior Completo
106;2022;GO;Anápolis;Deputado Estadual;Francisco Ribeiro;REPUBLICANOS;4531;432559;Não Eleito;Masculino;Parda;Superior Incompleto
107;2022;PA;Abaetetuba;Deputado Federal;Ricardo Almeida;PDT;8388;476201;Não Eleito;Masculino;Parda;Superior Completo
108;2022;AM;Manaus;Deputado Estadual;Tatiana Ribeiro;DC;4476;374493;Não Eleito;Feminino;Branca;Superior Completo
109;2022;AM;Manaus;Deputado Estadual;Paulo Rodrigues;PCdoB;6804;318414;Suplente;Masculino;Amarela;Superior Completo
110;2022;SC;Florianópolis;Deputado Federal;José Araújo;PODEMOS;7466;352434;Não Eleito;Masculino;Amarela;Superior Completo
111;2022;RJ;Duque de Caxias;Deputado Federal;Roberto Carvalho;NOVO;3161;47501;Não Eleito;Masculino;Parda;Médio Incompleto
112;2022;AP;Laranjal do Jari;Deputado Federal;Ricardo Almeida;PRTB;6907;486114;Não Eleito;Masculino;Preta;Médio Completo
113;2022;TO;Gurupi;Deputado Estadual;Rafael Costa;PSB;9049;400885;2º Turno;Masculino;Parda;Pós-Graduação
114;2022;RO;Vilhena;Deputado Federal;Paulo Rodrigues;PSD;1587;247045;Não Eleito;Masculino;Parda;Superior Incompleto
115;2022;PE;Recife;Deputado Estadual;Sandra Gomes;PCdoB;8499;258967;Eleito;Feminino;Parda;Médio Incompleto
116;2022;MS;Campo Grande;Deputado Federal;Rafael Costa;PRTB;9335;431764;Não Eleito;Masculino;Parda;Superior Completo
117;2022;RJ;Rio de Janeiro;Deputado Estadual;Francisco Ribeiro;UNIÃO;5033;403286;Não Eleito;Masculino;Branca;Médio Completo
118;2022;MA;Codó;Governador;Antônio Mendes;REDE;2737;7071073;Não Eleito;Masculino;Branca;Superior Incompleto
119;2022;RS;Novo Hamburgo;Deputado Estadual;Adriana Carvalho;DC;1095;173214;2º Turno;Feminino;Parda;Pós-Graduação
120;2022;MG;Contagem;Deputado Federal;Fernando Nascimento;PSB;1909;390465;Eleito;Masculino;Amarela;Superior Incompleto
121;2022;MT;Rondonópolis;Deputado Federal;Tatiana Ribeiro;UNIÃO;1336;447374;Não Eleito;Feminino;Branca;Superior Incompleto
122;2022;RO;Ji-Paraná;Deputado Federal;Francisco Ribeiro;PRTB;6080;474317;Não Eleito;Masculino;Branca;Superior Completo
123;2022;TO;Gurupi;Deputado Estadual;José Araújo;PCdoB;5398;295704;Não Eleito;Masculino;Branca;Superior Incompleto
124;2022;MS;Ponta Porã;Deputado Federal;Pedro Oliveira;PT;9410;179672;2º Turno;Masculino;Parda;Superior Completo
125;2022;RS;Pelotas;Governador;Thiago Barbosa;UNIÃO;5762;3977707;Não Eleito;Masculino;Preta;Superior Incompleto
126;2022;BA;Vitória da Conquista;Deputado Estadual;Paulo Rodrigues;CIDADANIA;8007;155417;Não Eleito;Masculino;Parda;Pós-Graduação
127;2022;PI;Teresina;Deputado Estadual;Bruno Ferreira;DC;5151;186862;Não Eleito;Masculino;Branca;Superior Completo
128;2022;AP;Oiapoque;Deputado Federal;José Araújo;PT;2364;218735;Suplente;Masculino;Branca;Superior Completo
129;2022;PB;Cabedelo;Deputado Estadual;Daniela Mendes;PSD;4458;97539;Eleito;Feminino;Indígena;Médio Completo
130;2022;RR;Boa Vista;Deputado Estadual;José Araújo;PP;1217;90538;Não Eleito;Masculino;Parda;Superior Incompleto
131;2022;RR;Pacaraima;Deputado Federal;Adriana Carvalho;PSOL;7471;422363;Não Eleito;Feminino;Branca;Fundamental Incompleto
132;2022;AP;Macapá;Deputado Estadual;Carlos Silva;REPUBLICANOS;8882;340565;Eleito;Masculino;Branca;Superior Completo
133;2022;SP;Santos;Deputado Federal;Bruno Ferreira;MDB;8765;221686;Eleito;Masculino;Branca;Médio Incompleto
134;2022;RS;Novo Hamburgo;Governador;Bruno Ferreira;REDE;4975;1738949;Não Eleito;Masculino;Parda;Superior Incompleto
135;2022;MG;Belo Horizonte;Deputado Federal;Vanessa Ferreira;SOLIDARIEDADE;9121;386941;Não Eleito;Feminino;Parda;Pós-Graduação
136;2022;AL;Palmeira dos Índios;Deputado Federal;Leandro Dias;DC;8993;122085;Não Eleito;Masculino;Parda;Superior Incompleto
137;2022;MG;Uberlândia;Deputado Federal;Diego Martins;PP;9106;326972;Suplente;Masculino;Branca;Superior Completo
138;2022;AC;Cruzeiro do Sul;Deputado Federal;Antônio Mendes;NOVO;4802;266647;Não Eleito;Masculino;Preta;Médio Completo
139;2022;RN;Ceará-Mirim;Deputado Estadual;Fernando Nascimento;PRTB;7395;219055;Não Eleito;Masculino;Parda;Superior Completo
140;2022;SP;Ribeirão Preto;Deputado Estadual;Adriana Carvalho;REPUBLICANOS;5627;362624;Não Eleito;Feminino;Parda;Fundamental Completo
141;2022;DF;Ceilândia;Deputado Estadual;Francisco Ribeiro;PCdoB;5975;123560;Não Eleito;Masculino;Branca;Fundamental Incompleto
142;2022;GO;Anápolis;Deputado Estadual;Thiago Barbosa;PT;2043;177570;Não Eleito;Masculino;Parda;Fundamental Completo
143;2022;ES;Cariacica;Deputado Federal;Antônio Mendes;UP;1764;404251;Suplente;Masculino;Branca;Médio Incompleto
144;2022;RS;Caxias do Sul;Deputado Estadual;Cristina Martins;NOVO;2817;56017;Não Eleito;Feminino;Parda;Superior Completo
145;2022;AP;Macapá;Deputado Estadual;Lucas Souza;REPUBLICANOS;6925;82830;Não Eleito;Masculino;Parda;Superior Completo
146;2022;PE;Paulista;Senador;Antônio Mendes;PSB;3257;1061660;Não Eleito;Masculino;Parda;Superior Incompleto
147;2022;SE;Aracaju;Deputado Federal;Daniela Mendes;PODEMOS;9274;90290;Eleito;Feminino;Branca;Superior Completo
148;2022;MS;Dourados;Deputado Federal;Vanessa Ferreira;PDT;3260;420857;Não Eleito;Feminino;Preta;Pós-Graduação
149;2022;PI;Picos;Governador;Carlos Silva;PMN;9476;7965849;Eleito;Masculino;Branca;Superior Incompleto
150;2022;SE;Nossa Senhora do Socorro;Deputado Estadual;João Santos;DC;3473;473675;Não Eleito;Masculino;Amarela;Pós-Graduação
151;2022;SP;Santos;Governador;Gustavo Rocha;PODEMOS;6139;7677181;Não Eleito;Masculino;Parda;Pós-Graduação
152;2022;RN;Mossoró;Deputado Estadual;André Lima;PV;8244;366175;Não Eleito;Masculino;Parda;Superior Completo
153;2022;SE;Nossa Senhora do Socorro;Senador;Gustavo Rocha;PSB;7389;1087011;Não Eleito;Masculino;Parda;Médio Completo
154;2022;PI;Floriano;Deputado Federal;Rafael Costa;PL;1456;467283;Não Eleito;Masculino;Parda;Médio Completo
155;2022;SE;Lagarto;Deputado Estadual;Fernanda Lima;PRTB;1982;441732;Não Eleito;Feminino;Parda;Médio Completo
156;2022;AL;Maceió;Deputado Estadual;Carlos Silva;NOVO;6553;124282;Não Eleito;Masculino;Indígena;Superior Completo
157;2022;RO;Cacoal;Senador;Fernando Nascimento;PODEMOS;3293;3198089;Não Eleito;Masculino;Branca;Médio Completo
158;2022;RJ;Nova Iguaçu;Senador;Lucas Souza;MDB;7974;3486550;Eleito;Masculino;Branca;Pós-Graduação
159;2022;PE;Jaboatão dos Guararapes;Deputado Estadual;Thiago Barbosa;AVANTE;9502;408828;Não Eleito;Masculino;Branca;Superior Completo
160;2022;PA;Marabá;Deputado Estadual;Vanessa Ferreira;PSD;3364;265677;Eleito;Feminino;Parda;Fundamental Completo
161;2022;RS;Caxias do Sul;Deputado Estadual;João Santos;PRTB;3569;495464;Não Eleito;Masculino;Preta;Fundamental Completo
162;2022;PA;Belém;Deputado Federal;João Santos;CIDADANIA;3511;62230;Não Eleito;Masculino;Indígena;Médio Completo
163;2022;PE;Recife;Deputado Estadual;Felipe Gomes;SOLIDARIEDADE;1797;491663;Suplente;Masculino;Parda;Médio Completo
164;2022;TO;Porto Nacional;Deputado Federal;Pedro Oliveira;PT;7841;252775;Não Eleito;Masculino;Parda;Pós-Graduação
165;2022;SP;Sorocaba;Deputado Estadual;Adriana Carvalho;MDB;3269;265141;Não Eleito;Feminino;Parda;Superior Completo
166;2022;BA;Juazeiro;Deputado Federal;Leandro Dias;SOLIDARIEDADE;7344;122565;Suplente;Masculino;Branca;Fundamental Incompleto
167;2022;RR;Pacaraima;Deputado Estadual;Rafael Costa;PMN;1406;300390;Não Eleito;Masculino;Parda;Médio Completo
168;2022;RO;Porto Velho;Deputado Estadual;Leandro Dias;PV;1866;299472;Não Eleito;Masculino;Parda;Superior Completo
169;2022;AC;Rio Branco;Deputado Estadual;Carlos Silva;PSDB;4371;129100;Não Eleito;Masculino;Parda;Superior Completo
170;2022;AM;Coari;Deputado Estadual;João Santos;PCdoB;1381;178735;Não Eleito;Masculino;Branca;Superior Completo
171;2022;MG;Ribeirão das Neves;Deputado Federal;Lucas Souza;PV;3755;150106;Eleito;Masculino;Branca;Fundamental Completo
172;2022;MA;Timon;Deputado Estadual;Roberto Carvalho;PSD;1445;374474;Eleito;Masculino;Branca;Médio Completo
173;2022;PA;Santarém;Deputado Federal;Fernanda Lima;PT;4318;126131;Não Eleito;Feminino;Parda;Superior Completo
174;2022;SE;São Cristóvão;Deputado Federal;João Santos;PSB;8615;290494;Não Eleito;Masculino;Parda;Superior Incompleto
175;2022;ES;Vitória;Deputado Federal;Fernanda Lima;PDT;3057;160204;Não Eleito;Feminino;Parda;Superior Completo
176;2022;PI;Parnaíba;Deputado Estadual;Gustavo Rocha;PSD;5016;282323;2º Turno;Masculino;Amarela;Superior Completo
177;2022;AL;Maceió;Senador;Adriana Carvalho;PODEMOS;3742;34554;Eleito;Feminino;Preta;Médio Completo
178;2022;GO;Águas Lindas de Goiás;Deputado Federal;André Lima;REDE;9361;147988;Eleito;Masculino;Parda;Superior Completo
179;2022;MA;São Luís;Deputado Federal;Marcos Pereira;PRTB;5578;460971;Não Eleito;Masculino;Parda;Pós-Graduação
180;2022;MG;Montes Claros;Deputado Estadual;Cristina Martins;PSDB;5029;347723;2º Turno;Feminino;Branca;Superior Incompleto
181;2022;RN;Parnamirim;Deputado Federal;Maria Santos;PROS;8807;2743;Suplente;Feminino;Parda;Superior Incompleto
182;2022;RS;Novo Hamburgo;Deputado Estadual;Pedro Oliveira;PV;1507;468464;Não Eleito;Masculino;Parda;Superior Completo
183;2022;MS;Corumbá;Senador;Rafael Costa;UP;1138;1076595;Não Eleito;Masculino;Preta;Superior Incompleto
184;2022;ES;Linhares;Deputado Federal;Antônio Mendes;REPUBLICANOS;2474;428466;Não Eleito;Masculino;Branca;Superior Completo
185;2022;ES;Cariacica;Governador;Diego Martins;PMN;4425;109856;Não Eleito;Masculino;Parda;Superior Incompleto
186;2022;GO;Luziânia;Deputado Estadual;André Lima;DC;3875;34767;Não Eleito;Masculino;Parda;Fundamental Completo
187;2022;RJ;Nova Iguaçu;Senador;Larissa Nascimento;REPUBLICANOS;1378;4500637;Não Eleito;Feminino;Parda;Pós-Graduação
188;2022;AC;Tarauacá;Deputado Estadual;Ana Oliveira;PSB;8086;443178;2º Turno;Feminino;Branca;Superior Completo
189;2022;PB;Patos;Deputado Federal;Bruna Almeida;PT;5553;482001;Não Eleito;Feminino;Parda;Fundamental Incompleto
190;2022;DF;Taguatinga;Deputado Federal;Carlos Silva;PRTB;4696;362022;Não Eleito;Masculino;Branca;Médio Completo
191;2022;CE;Juazeiro do Norte;Deputado Federal;Lucas Souza;PL;8863;226965;Não Eleito;Masculino;Parda;Superior Completo
192;2022;MG;Betim;Deputado Federal;Roberto Carvalho;PT;6465;272959;Não Eleito;Masculino;Preta;Superior Completo
193;2022;RN;São Gonçalo do Amarante;Deputado Estadual;Felipe Gomes;PP;2401;32317;Suplente;Masculino;Branca;Pós-Graduação
194;2022;RS;Caxias do Sul;Deputado Estadual;Bruno Ferreira;PT;5939;320702;Não Eleito;Masculino;Branca;Superior Completo
195;2022;PR;Curitiba;Deputado Federal;Lucas Souza;PROS;7735;122717;Suplente;Masculino;Parda;Superior Completo
196;2022;PB;Patos;Deputado Estadual;Leandro Dias;PROS;2659;178556;Não Eleito;Masculino;Parda;Fundamental Incompleto
197;2022;PI;Picos;Deputado Estadual;Carlos Silva;PROS;2106;311343;Não Eleito;Masculino;Branca;Superior Completo
198;2022;RO;Cacoal;Deputado Federal;Leandro Dias;NOVO;4046;127981;Eleito;Masculino;Branca;Fundamental Completo
199;2022;RJ;Campos dos Goytacazes;Deputado Estadual;Roberta Araújo;PODEMOS;9866;407083;Eleito;Feminino;Parda;Superior Completo
200;2022;MA;São José de Ribamar;Governador;Marcos Pereira;PT;4889;4303929;Não Eleito;Masculino;Parda;Fundamental Completo
201;2022;MS;Dourados;Governador;André Lima;UNIÃO;6595;1638429;Não Eleito;Masculino;Parda;Pós-Graduação
202;2022;RN;Ceará-Mirim;Deputado Federal;Roberto Carvalho;PROS;5909;220016;Não Eleito;Masculino;Branca;Superior Completo
203;2022;AL;Palmeira dos Índios;Deputado Federal;Paulo Rodrigues;PMN;4772;245099;Não Eleito;Masculino;Branca;Superior Completo
204;2022;TO;Gurupi;Senador;José Araújo;PSD;1110;3073530;Eleito;Masculino;Branca;Superior Completo
205;2022;BA;Itabuna;Deputado Estadual;Antônio Mendes;PT;1486;104897;Não Eleito;Masculino;Branca;Pós-Graduação
206;2022;SC;Blumenau;Deputado Federal;Rafael Costa;REPUBLICANOS;1352;92815;Não Eleito;Masculino;Preta;Fundamental Incompleto
207;2022;RR;Rorainópolis;Deputado Federal;Fernanda Lima;PSB;4444;160445;Não Eleito;Feminino;Branca;Médio Completo
208;2022;CE;Sobral;Governador;Vanessa Ferreira;PMN;2071;1043994;Eleito;Feminino;Preta;Superior Completo
209;2022;DF;Plano Piloto;Deputado Federal;Leandro Dias;SOLIDARIEDADE;5006;483376;Eleito;Masculino;Parda;Médio Completo
210;2022;PR;Cascavel;Deputado Estadual;João Santos;PTB;5588;458125;Eleito;Masculino;Parda;Superior Completo
211;2022;PE;Jaboatão dos Guararapes;Deputado Estadual;Adriana Carvalho;UNIÃO;3743;267160;Não Eleito;Feminino;Parda;Superior Completo
212;2022;MS;Corumbá;Deputado Estadual;Antônio Mendes;CIDADANIA;8918;375706;2º Turno;Masculino;Parda;Superior Completo
213;2022;RO;Cacoal;Deputado Estadual;André Lima;NOVO;4840;208065;Não Eleito;Masculino;Branca;Médio Completo
214;2022;CE;Itapipoca;Deputado Federal;Marcos Pereira;UP;2376;155190;Não Eleito;Masculino;Branca;Superior Completo
215;2022;PB;Bayeux;Deputado Estadual;Bruno Ferreira;SOLIDARIEDADE;7700;193182;Não Eleito;Masculino;Branca;Superior Incompleto
216;2022;CE;Maracanaú;Deputado Federal;Antônio Mendes;UNIÃO;5825;442266;Não Eleito;Masculino;Parda;Fundamental Completo
217;2022;GO;Aparecida de Goiânia;Deputado Federal;João Santos;PV;4281;175485;Não Eleito;Masculino;Branca;Médio Completo
218;2022;TO;Gurupi;Deputado Federal;Marcos Pereira;UP;9898;478851;Não Eleito;Masculino;Parda;Médio Completo
219;2022;MS;Corumbá;Governador;Maria Santos;PCdoB;9399;6435077;2º Turno;Feminino;Parda;Médio Completo
220;2022;SC;Chapecó;Deputado Estadual;Gustavo Rocha;UP;8679;379303;Não Eleito;Masculino;Branca;Fundamental Completo
221;2022;DF;Samambaia;Deputado Estadual;Amanda Rodrigues;NOVO;8372;447688;Não Eleito;Feminino;Branca;Superior Completo
222;2022;BA;Itabuna;Governador;Antônio Mendes;PSB;4694;3566062;Não Eleito;Masculino;Parda;Superior Completo
223;2022;RS;Santa Maria;Deputado Federal;João Santos;MDB;3518;499956;2º Turno;Masculino;Parda;Superior Completo
224;2022;RN;Macaíba;Senador;Amanda Rodrigues;AVANTE;2043;4513631;Não Eleito;Feminino;Parda;Médio Completo
225;2022;PB;Cabedelo;Senador;Lucas Souza;DC;3910;298931;Não Eleito;Masculino;Parda;Fundamental Incompleto
226;2022;DF;Brasília;Governador;André Lima;PDT;5769;5582873;Não Eleito;Masculino;Parda;Médio Completo
227;2022;AC;Cruzeiro do Sul;Deputado Federal;Tatiana Ribeiro;PSD;2814;68205;Não Eleito;Feminino;Parda;Fundamental Completo
228;2022;DF;Ceilândia;Senador;Diego Martins;PSD;6084;4958239;Não Eleito;Masculino;Parda;Superior Incompleto
229;2022;DF;Brasília;Governador;José Araújo;PROS;5044;4461204;Não Eleito;Masculino;Parda;Superior Completo
230;2022;PB;Bayeux;Deputado Federal;Bruno Ferreira;PSOL;5873;205543;Não Eleito;Masculino;Parda;Médio Incompleto
231;2022;ES;Vila Velha;Senador;Cristina Martins;AVANTE;4005;4799890;Eleito;Feminino;Parda;Fundamental Incompleto
232;2022;CE;Juazeiro do Norte;Senador;Pedro Oliveira;PMN;4559;4169673;Não Eleito;Masculino;Parda;Fundamental Completo
233;2022;MS;Campo Grande;Deputado Estadual;Roberto Carvalho;SOLIDARIEDADE;8388;86923;Não Eleito;Masculino;Parda;Superior Incompleto
234;2022;AM;Tefé;Deputado Estadual;Tatiana Ribeiro;PSB;7542;449171;Não Eleito;Feminino;Branca;Médio Completo
235;2022;RS;Pelotas;Deputado Federal;Mariana Barbosa;NOVO;2117;43779;Não Eleito;Feminino;Branca;Pós-Graduação
236;2022;BA;Ilhéus;Senador;Camila Pereira;PL;2646;1516768;Não Eleito;Feminino;Parda;Superior Incompleto
237;2022;AM;Tefé;Deputado Estadual;Patrícia Souza;NOVO;6866;93791;Não Eleito;Feminino;Branca;Superior Completo
238;2022;DF;Samambaia;Deputado Estadual;Luciana Rocha;PTB;2684;205296;Não Eleito;Feminino;Parda;Superior Completo
239;2022;AL;Palmeira dos Índios;Deputado Estadual;Roberta Araújo;PDT;4276;48412;Eleito;Feminino;Branca;Fundamental Incompleto
240;2022;TO;Araguaína;Deputado Estadual;Lucas Souza;DC;3750;380090;Não Eleito;Masculino;Branca;Fundamental Completo
241;2022;MG;Montes Claros;Deputado Estadual;André Lima;PV;7472;492766;Não Eleito;Masculino;Branca;Fundamental Completo
242;2022;MG;Contagem;Deputado Federal;Maria Santos;AVANTE;4485;241030;Não Eleito;Feminino;Parda;Médio Completo
243;2022;RN;Parnamirim;Deputado Federal;Vanessa Ferreira;PODEMOS;9185;53879;Não Eleito;Feminino;Parda;Pós-Graduação
244;2022;RJ;Duque de Caxias;Deputado Federal;Roberto Carvalho;PTB;7366;355915;Suplente;Masculino;Parda;Médio Incompleto
245;2022;CE;Crato;Deputado Estadual;Mariana Barbosa;UNIÃO;6490;9753;Não Eleito;Feminino;Parda;Superior Incompleto
246;2022;RO;Ji-Paraná;Deputado Estadual;Maria Santos;PDT;1347;323644;Não Eleito;Feminino;Branca;Médio Completo
247;2022;PA;Abaetetuba;Deputado Federal;Marcos Pereira;PSOL;9171;156011;Não Eleito;Masculino;Branca;Superior Completo
248;2022;ES;Linhares;Deputado Estadual;Daniela Mendes;MDB;5556;166981;Não Eleito;Feminino;Parda;Superior Completo
249;2022;PA;Parauapebas;Senador;Bruna Almeida;PRTB;6427;2905014;Não Eleito;Feminino;Parda;Pós-Graduação
250;2022;RR;Rorainópolis;Senador;Bruna Almeida;PROS;7250;4404423;Não Eleito;Feminino;Parda;Fundamental Incompleto
251;2022;PE;Recife;Governador;Marcos Pereira;REPUBLICANOS;3057;819733;Não Eleito;Masculino;Parda;Superior Completo
252;2022;DF;Ceilândia;Deputado Estadual;Bruno Ferreira;PODEMOS;3689;378864;Não Eleito;Masculino;Branca;Superior Completo
253;2022;MA;São José de Ribamar;Deputado Estadual;Amanda Rodrigues;PSDB;8883;42451;2º Turno;Feminino;Branca;Médio Completo
254;2022;PE;Caruaru;Deputado Estadual;Francisco Ribeiro;UP;3553;430208;2º Turno;Masculino;Parda;Superior Completo
255;2022;PA;Abaetetuba;Deputado Federal;Carla Silva;PROS;9801;80610;Não Eleito;Feminino;Branca;Superior Incompleto
256;2022;MA;Timon;Deputado Federal;Diego Martins;UNIÃO;6459;72147;Não Eleito;Masculino;Branca;Pós-Graduação
257;2022;AC;Rio Branco;Senador;Roberta Araújo;PCdoB;7628;3518152;Suplente;Feminino;Amarela;Médio Completo
258;2022;PE;Olinda;Deputado Estadual;Francisco Ribeiro;PT;3039;202259;Suplente;Masculino;Branca;Superior Completo
259;2022;GO;Águas Lindas de Goiás;Deputado Federal;Roberta Araújo;PMN;1945;341762;Não Eleito;Feminino;Branca;Médio Completo
260;2022;PE;Recife;Governador;Carlos Silva;PMN;3422;2242200;Não Eleito;Masculino;Preta;Médio Incompleto
261;2022;ES;Cachoeiro de Itapemirim;Deputado Estadual;Camila Pereira;PL;2912;404711;Eleito;Feminino;Parda;Superior Incompleto
262;2022;RS;Caxias do Sul;Deputado Estadual;Francisco Ribeiro;PSD;7993;133077;Não Eleito;Masculino;Parda;Superior Completo
263;2022;MT;Tangará da Serra;Deputado Federal;Pedro Oliveira;PP;6642;427389;Eleito;Masculino;Parda;Pós-Graduação
264;2022;MT;Sorriso;Deputado Federal;Mariana Barbosa;PL;2587;37117;Não Eleito;Feminino;Branca;Superior Incompleto
265;2022;MA;Codó;Deputado Estadual;Rafael Costa;PMN;3200;104319;Não Eleito;Masculino;Parda;Fundamental Completo
266;2022;RJ;Nova Iguaçu;Deputado Federal;Rafael Costa;UP;4143;136475;2º Turno;Masculino;Parda;Superior Incompleto
267;2022;RN;Natal;Senador;Fernando Nascimento;UNIÃO;7188;1075904;Não Eleito;Masculino;Branca;Superior Completo
268;2022;PE;Caruaru;Deputado Estadual;João Santos;PSDB;1118;349320;Não Eleito;Masculino;Indígena;Fundamental Completo
269;2022;PI;Teresina;Deputado Federal;Ricardo Almeida;PCdoB;8753;397339;Não Eleito;Masculino;Branca;Médio Completo
270;2022;MG;Montes Claros;Senador;Tatiana Ribeiro;AVANTE;1937;3016589;Suplente;Feminino;Parda;Fundamental Incompleto
271;2022;RS;Viamão;Deputado Estadual;Patrícia Souza;PL;3013;456109;Não Eleito;Feminino;Amarela;Superior Completo
272;2022;ES;Serra;Deputado Estadual;Mariana Barbosa;CIDADANIA;7768;346649;Não Eleito;Feminino;Indígena;Pós-Graduação
273;2022;TO;Gurupi;Deputado Federal;João Santos;PRTB;6333;355930;Não Eleito;Masculino;Parda;Superior Incompleto
274;2022;RN;Natal;Deputado Federal;Mariana Barbosa;DC;2645;385473;Não Eleito;Feminino;Parda;Superior Completo
275;2022;PI;Floriano;Deputado Estadual;Ana Oliveira;MDB;9158;418263;Eleito;Feminino;Parda;Pós-Graduação
276;2022;PB;Campina Grande;Senador;Mariana Barbosa;DC;9858;2050829;Não Eleito;Feminino;Branca;Pós-Graduação
277;2022;RS;Caxias do Sul;Deputado Federal;Maria Santos;PSD;6349;473747;Não Eleito;Feminino;Branca;Superior Completo
278;2022;RR;Pacaraima;Governador;Patrícia Souza;PV;9060;808680;Não Eleito;Feminino;Branca;Médio Completo
279;2022;RJ;São Gonçalo;Deputado Estadual;José Araújo;PTB;8159;424359;Não Eleito;Masculino;Branca;Médio Completo
280;2022;AP;Macapá;Deputado Federal;André Lima;PRTB;2902;300832;Não Eleito;Masculino;Parda;Pós-Graduação
281;2022;RJ;Rio de Janeiro;Deputado Federal;André Lima;AVANTE;7941;168084;Não Eleito;Masculino;Parda;Pós-Graduação
282;2022;BA;Camaçari;Deputado Federal;Bruno Ferreira;PSB;3370;428396;Suplente;Masculino;Parda;Superior Completo
283;2022;PB;Campina Grande;Deputado Estadual;João Santos;PROS;6245;162448;Não Eleito;Masculino;Parda;Médio Completo
284;2022;RS;Novo Hamburgo;Deputado Estadual;Fernando Nascimento;PMN;7171;31334;2º Turno;Masculino;Branca;Superior Completo
285;2022;DF;Ceilândia;Deputado Estadual;Rafael Costa;PCdoB;7419;157315;2º Turno;Masculino;Parda;Superior Completo
286;2022;AC;Tarauacá;Deputado Federal;Roberta Araújo;UP;7412;205529;Eleito;Feminino;Parda;Médio Completo
287;2022;DF;Plano Piloto;Deputado Federal;Felipe Gomes;PT;5981;240378;Não Eleito;Masculino;Parda;Superior Incompleto
288;2022;PE;Olinda;Senador;André Lima;PRTB;1149;3068570;Não Eleito;Masculino;Parda;Superior Completo
289;2022;BA;Lauro de Freitas;Governador;Rafael Costa;PT;2573;3032853;2º Turno;Masculino;Branca;Fundamental Completo
290;2022;PI;Picos;Deputado Estadual;Tatiana Ribeiro;PDT;1556;62786;Não Eleito;Feminino;Parda;Superior Completo
291;2022;CE;Crato;Deputado Estadual;Juliana Costa;UP;8596;453954;Não Eleito;Feminino;Branca;Superior Completo
292;2022;PB;Santa Rita;Deputado Federal;Lucas Souza;PCdoB;9351;118430;Eleito;Masculino;Parda;Superior Completo
293;2022;GO;Águas Lindas de Goiás;Deputado Estadual;Camila Pereira;AVANTE;8932;338454;Não Eleito;Feminino;Branca;Fundamental Completo
294;2022;MG;Uberlândia;Deputado Estadual;Sandra Gomes;PSD;7640;426676;Não Eleito;Feminino;Branca;Superior Completo
295;2022;SP;Santos;Deputado Estadual;Felipe Gomes;PV;3033;395555;Não Eleito;Masculino;Amarela;Pós-Graduação
296;2022;CE;Itapipoca;Deputado Estadual;Gustavo Rocha;NOVO;6149;65011;Eleito;Masculino;Parda;Superior Completo
297;2022;AM;Coari;Deputado Federal;Juliana Costa;PP;9292;157040;Não Eleito;Feminino;Parda;Superior Incompleto
298;2022;RR;Boa Vista;Deputado Federal;Thiago Barbosa;PODEMOS;9750;233766;Eleito;Masculino;Parda;Médio Completo
299;2022;MS;Ponta Porã;Deputado Estadual;Lucas Souza;DC;1732;124808;Eleito;Masculino;Branca;Superior Completo
300;2022;DF;Ceilândia;Deputado Estadual;Antônio Mendes;PSDB;3105;382760;Não Eleito;Masculino;Branca;Médio Completo
301;2022;MT;Sorriso;Governador;Pedro Oliveira;PSDB;7968;7936963;Não Eleito;Masculino;Parda;Fundamental Completo
302;2022;SC;São José;Governador;Amanda Rodrigues;PMN;7097;4778173;Não Eleito;Feminino;Parda;Superior Completo
303;2022;PA;Abaetetuba;Deputado Federal;Vanessa Ferreira;AVANTE;1424;316964;Não Eleito;Feminino;Branca;Superior Completo
304;2022;RR;Pacaraima;Deputado Federal;Antônio Mendes;PSB;5476;77218;Suplente;Masculino;Branca;Fundamental Incompleto
305;2022;MT;Várzea Grande;Deputado Federal;Lucas Souza;PSD;9625;382353;Suplente;Masculino;Parda;Superior Completo
306;2022;AP;Laranjal do Jari;Deputado Estadual;Sandra Gomes;PSDB;2623;470561;Eleito;Feminino;Branca;Superior Completo
307;2022;CE;Juazeiro do Norte;Senador;Sandra Gomes;PV;7597;4030207;Não Eleito;Feminino;Branca;Superior Completo
308;2022;RS;Pelotas;Deputado Estadual;Felipe Gomes;PRTB;5380;28216;Suplente;Masculino;Parda;Médio Completo
309;2022;SE;Nossa Senhora do Socorro;Deputado Estadual;Bruno Ferreira;PSD;8191;186098;Não Eleito;Masculino;Parda;Médio Completo
310;2022;PA;Castanhal;Governador;Bruna Almeida;PODEMOS;2424;7997825;Não Eleito;Feminino;Parda;Superior Completo
311;2022;RO;Porto Velho;Deputado Federal;Pedro Oliveira;PSD;1940;44846;Não Eleito;Masculino;Parda;Superior Completo
312;2022;AC;Tarauacá;Deputado Estadual;Patrícia Souza;PCdoB;9156;270514;Não Eleito;Feminino;Parda;Superior Completo
313;2022;AP;Oiapoque;Deputado Federal;Carlos Silva;PMN;7962;368860;Não Eleito;Masculino;Branca;Pós-Graduação
314;2022;RR;Boa Vista;Deputado Estadual;Luciana Rocha;PDT;3864;39885;Não Eleito;Feminino;Branca;Médio Completo
315;2022;AL;Palmeira dos Índios;Deputado Estadual;Lucas Souza;PSB;5092;436564;Não Eleito;Masculino;Parda;Fundamental Completo
316;2022;MA;Timon;Deputado Federal;Felipe Gomes;AVANTE;4562;484447;Não Eleito;Masculino;Preta;Superior Completo
317;2022;TO;Palmas;Governador;Mariana Barbosa;PT;6828;99418;Não Eleito;Feminino;Branca;Médio Completo
318;2022;AC;Sena Madureira;Senador;Antônio Mendes;PL;2660;3643844;Não Eleito;Masculino;Branca;Superior Completo
319;2022;BA;Lauro de Freitas;Deputado Federal;Marcos Pereira;UP;5098;119039;Não Eleito;Masculino;Branca;Médio Completo
320;2022;CE;Sobral;Senador;Bruno Ferreira;DC;8198;1387564;Eleito;Masculino;Parda;Fundamental Incompleto
321;2022;RS;Canoas;Deputado Federal;Marcos Pereira;AVANTE;7898;390530;Não Eleito;Masculino;Branca;Superior Completo
322;2022;PE;Paulista;Governador;Diego Martins;PV;9119;6759377;Não Eleito;Masculino;Branca;Superior Completo
323;2022;SE;Itabaiana;Deputado Estadual;Tatiana Ribeiro;MDB;2797;57059;Não Eleito;Feminino;Branca;Médio Completo
324;2022;AC;Cruzeiro do Sul;Deputado Federal;Vanessa Ferreira;PROS;1131;228213;Não Eleito;Feminino;Branca;Fundamental Completo
325;2022;PA;Ananindeua;Deputado Estadual;Camila Pereira;PDT;5606;402486;Eleito;Feminino;Branca;Superior Completo
326;2022;RR;Pacaraima;Deputado Federal;Fernanda Lima;PMN;9230;320892;Não Eleito;Feminino;Indígena;Superior Completo
327;2022;RO;Ji-Paraná;Deputado Federal;João Santos;PSDB;4148;487615;Eleito;Masculino;Branca;Médio Completo
328;2022;AL;Palmeira dos Índios;Deputado Estadual;Paulo Rodrigues;PDT;6507;223886;Não Eleito;Masculino;Parda;Superior Completo
329;2022;MA;São Luís;Deputado Federal;Antônio Mendes;PMN;7849;129982;Não Eleito;Masculino;Branca;Fundamental Incompleto
330;2022;AL;Rio Largo;Deputado Federal;Leandro Dias;PP;8059;97409;Não Eleito;Masculino;Parda;Médio Completo
331;2022;AP;Macapá;Deputado Estadual;Patrícia Souza;PSB;6907;389150;Não Eleito;Feminino;Parda;Superior Completo
332;2022;RN;Parnamirim;Deputado Federal;Felipe Gomes;AVANTE;2429;465645;Eleito;Masculino;Parda;Superior Completo
333;2022;AL;Penedo;Governador;Amanda Rodrigues;REPUBLICANOS;8303;7813662;Eleito;Feminino;Preta;Superior Completo
334;2022;MA;Codó;Deputado Estadual;Sandra Gomes;PRTB;3517;23469;Eleito;Feminino;Branca;Superior Completo
335;2022;SE;São Cristóvão;Governador;Cristina Martins;PTB;2923;7690756;Não Eleito;Feminino;Parda;Superior Completo
336;2022;PI;Teresina;Deputado Federal;Marcos Pereira;PODEMOS;1744;297338;Eleito;Masculino;Amarela;Médio Completo
337;2022;TO;Porto Nacional;Deputado Estadual;Thiago Barbosa;UNIÃO;3711;230004;Não Eleito;Masculino;Branca;Superior Completo
338;2022;MT;Tangará da Serra;Deputado Federal;Rafael Costa;REDE;4568;310937;Não Eleito;Masculino;Parda;Superior Completo
339;2022;PB;Bayeux;Deputado Estadual;Fernando Nascimento;PDT;5855;371829;Não Eleito;Masculino;Branca;Médio Completo
340;2022;PR;Ponta Grossa;Deputado Federal;Ricardo Almeida;MDB;5430;458404;Não Eleito;Masculino;Parda;Médio Completo
341;2022;TO;Araguaína;Deputado Estadual;Antônio Mendes;PTB;7047;170663;Eleito;Masculino;Parda;Superior Completo
342;2022;SC;Blumenau;Deputado Estadual;Roberto Carvalho;PT;1170;432477;Não Eleito;Masculino;Parda;Médio Completo
343;2022;GO;Goiânia;Deputado Estadual;Mônica Dias;PP;7258;496296;Não Eleito;Feminino;Parda;Superior Completo
344;2022;PR;Ponta Grossa;Senador;Ricardo Almeida;REPUBLICANOS;7479;1335615;Não Eleito;Masculino;Parda;Superior Incompleto
345;2022;BA;Ilhéus;Deputado Federal;Rafael Costa;PSD;4094;299164;Não Eleito;Masculino;Parda;Superior Completo
346;2022;AC;Sena Madureira;Deputado Federal;José Araújo;DC;4077;36913;Eleito;Masculino;Branca;Superior Incompleto
347;2022;RO;Vilhena;Deputado Federal;Carlos Silva;PROS;2633;198615;Não Eleito;Masculino;Branca;Fundamental Incompleto
348;2022;TO;Palmas;Deputado Federal;Larissa Nascimento;MDB;1221;415946;2º Turno;Feminino;Amarela;Fundamental Completo
349;2022;SC;Criciúma;Senador;Marcos Pereira;PCdoB;8279;1398554;Não Eleito;Masculino;Parda;Médio Completo
350;2022;PR;Cascavel;Deputado Estadual;João Santos;PP;9923;156076;Eleito;Masculino;Parda;Superior Incompleto
351;2022;AC;Cruzeiro do Sul;Deputado Federal;Marcos Pereira;PSOL;5699;118928;Suplente;Masculino;Parda;Superior Completo
352;2022;RS;Caxias do Sul;Deputado Estadual;Bruna Almeida;PP;5617;187832;Eleito;Feminino;Branca;Médio Completo
353;2022;AM;Manaus;Deputado Estadual;Thiago Barbosa;PSB;3971;356718;Não Eleito;Masculino;Parda;Superior Completo
354;2022;RN;Parnamirim;Deputado Federal;Diego Martins;DC;7047;489598;Não Eleito;Masculino;Preta;Superior Completo
355;2022;SP;São Paulo;Senador;Patrícia Souza;PSB;3421;3306586;Não Eleito;Feminino;Parda;Pós-Graduação
356;2022;TO;Palmas;Deputado Federal;Ricardo Almeida;MDB;2481;169873;2º Turno;Masculino;Branca;Superior Incompleto
357;2022;MG;Uberaba;Deputado Estadual;Vanessa Ferreira;PROS;6463;72967;Não Eleito;Feminino;Parda;Médio Completo
358;2022;PA;Castanhal;Deputado Estadual;Gustavo Rocha;PV;4770;202155;Eleito;Masculino;Parda;Superior Completo
359;2022;SE;Nossa Senhora do Socorro;Deputado Estadual;Carlos Silva;REPUBLICANOS;1281;190501;Não Eleito;Masculino;Amarela;Pós-Graduação
360;2022;AL;Rio Largo;Deputado Federal;Patrícia Souza;PODEMOS;8543;76070;Não Eleito;Feminino;Parda;Pós-Graduação
361;2022;PA;Ananindeua;Deputado Federal;Marcos Pereira;PP;3344;198398;Não Eleito;Masculino;Parda;Superior Incompleto
362;2022;AL;Maceió;Deputado Estadual;Leandro Dias;PSD;1494;77510;Não Eleito;Masculino;Branca;Fundamental Completo
363;2022;RJ;Campos dos Goytacazes;Deputado Federal;Marcos Pereira;PRTB;9641;366748;Suplente;Masculino;Parda;Superior Completo
364;2022;PB;Cabedelo;Deputado Estadual;Marcos Pereira;PT;1526;317260;Não Eleito;Masculino;Parda;Fundamental Incompleto
365;2022;TO;Porto Nacional;Deputado Estadual;Sandra Gomes;PMN;5227;482399;Não Eleito;Feminino;Branca;Médio Completo
366;2022;CE;Juazeiro do Norte;Governador;Marcos Pereira;PRTB;4471;3408818;Não Eleito;Masculino;Branca;Médio Completo
367;2022;SC;Joinville;Senador;Roberto Carvalho;PTB;7637;3221614;Não Eleito;Masculino;Parda;Superior Completo
368;2022;DF;Taguatinga;Deputado Federal;Leandro Dias;UP;6496;15205;Não Eleito;Masculino;Branca;Fundamental Completo
369;2022;DF;Plano Piloto;Deputado Federal;Amanda Rodrigues;PV;4305;335199;Suplente;Feminino;Branca;Fundamental Completo
370;2022;RJ;Rio de Janeiro;Deputado Estadual;Ana Oliveira;PT;6154;49369;Suplente;Feminino;Branca;Médio Completo
371;2022;MA;Timon;Deputado Estadual;José Araújo;PRTB;6830;68404;Não Eleito;Masculino;Branca;Superior Incompleto
372;2022;SC;Joinville;Deputado Estadual;Maria Santos;REDE;7260;250560;Não Eleito;Feminino;Parda;Médio Completo
373;2022;BA;Ilhéus;Deputado Federal;Paulo Rodrigues;REPUBLICANOS;3307;403586;Não Eleito;Masculino;Indígena;Superior Completo
374;2022;SC;Criciúma;Deputado Estadual;Fernando Nascimento;PSOL;8059;21478;Suplente;Masculino;Parda;Superior Incompleto
375;2022;DF;Plano Piloto;Deputado Estadual;Mônica Dias;PTB;9151;51568;Não Eleito;Feminino;Branca;Superior Completo
376;2022;PR;Londrina;Deputado Estadual;Rafael Costa;PODEMOS;3645;36236;Não Eleito;Masculino;Branca;Fundamental Completo
377;2022;CE;Crato;Deputado Estadual;Diego Martins;PSDB;8242;341440;Suplente;Masculino;Preta;Pós-Graduação
378;2022;PE;Recife;Deputado Federal;Francisco Ribeiro;PROS;3113;231620;Não Eleito;Masculino;Parda;Pós-Graduação
379;2022;MS;Campo Grande;Deputado Estadual;Ricardo Almeida;DC;1699;325880;2º Turno;Masculino;Branca;Superior Completo
380;2022;RS;Porto Alegre;Deputado Federal;José Araújo;PSD;7541;448152;Eleito;Masculino;Branca;Superior Incompleto
381;2022;AM;Itacoatiara;Deputado Estadual;Bruno Ferreira;PP;2406;95015;Não Eleito;Masculino;Preta;Pós-Graduação
382;2022;SE;Itabaiana;Deputado Federal;Roberto Carvalho;PSB;8967;111982;Não Eleito;Masculino;Parda;Médio Completo
383;2022;AL;Penedo;Deputado Federal;André Lima;PSB;1513;315637;Não Eleito;Masculino;Branca;Superior Completo
384;2022;SP;Sorocaba;Governador;André Lima;PL;7929;2313650;Não Eleito;Masculino;Branca;Médio Incompleto
385;2022;GO;Rio Verde;Deputado Federal;Cristina Martins;SOLIDARIEDADE;9597;112752;Não Eleito;Feminino;Branca;Superior Completo
386;2022;AM;Manacapuru;Deputado Federal;Camila Pereira;REPUBLICANOS;6722;494348;Não Eleito;Feminino;Parda;Superior Completo
387;2022;CE;Crato;Deputado Estadual;Mônica Dias;AVANTE;1162;294577;Não Eleito;Feminino;Parda;Fundamental Completo
388;2022;RR;Rorainópolis;Deputado Federal;Daniela Mendes;PL;3465;470524;Não Eleito;Feminino;Branca;Superior Completo
389;2022;AP;Oiapoque;Deputado Federal;Cristina Martins;MDB;8361;335476;2º Turno;Feminino;Branca;Médio Completo
390;2022;DF;Samambaia;Deputado Estadual;Adriana Carvalho;AVANTE;4541;182997;Não Eleito;Feminino;Branca;Superior Completo
391;2022;AC;Sena Madureira;Senador;Fernando Nascimento;CIDADANIA;3043;4217011;Não Eleito;Masculino;Parda;Superior Incompleto
392;2022;MS;Ponta Porã;Deputado Estadual;Daniela Mendes;PP;3880;241055;Não Eleito;Feminino;Branca;Superior Completo
393;2022;PR;Colombo;Deputado Federal;Vanessa Ferreira;PTB;5640;368598;Não Eleito;Feminino;Preta;Superior Completo
394;2022;AM;Manaus;Deputado Federal;Francisco Ribeiro;PP;9133;393686;Não Eleito;Masculino;Preta;Fundamental Completo
395;2022;PB;Bayeux;Deputado Estadual;Fernando Nascimento;SOLIDARIEDADE;4471;117352;Não Eleito;Masculino;Parda;Fundamental Completo
396;2022;PE;Recife;Deputado Federal;Cristina Martins;SOLIDARIEDADE;7484;4487;Suplente;Feminino;Parda;Superior Completo
397;2022;GO;Águas Lindas de Goiás;Deputado Federal;Vanessa Ferreira;DC;4957;2679;Suplente;Feminino;Branca;Fundamental Incompleto
398;2022;BA;Juazeiro;Senador;Leandro Dias;PSB;6490;1459508;2º Turno;Masculino;Indígena;Médio Completo
399;2022;MT;Várzea Grande;Deputado Estadual;João Santos;REDE;8030;68065;Suplente;Masculino;Branca;Superior Completo
400;2022;MT;Rondonópolis;Deputado Estadual;Lucas Souza;PMN;3069;264875;Eleito;Masculino;Parda;Superior Incompleto
401;2022;SE;Lagarto;Senador;Roberto Carvalho;REPUBLICANOS;2527;812366;Eleito;Masculino;Branca;Superior Completo
402;2022;BA;Salvador;Deputado Estadual;Pedro Oliveira;REDE;7265;13759;Não Eleito;Masculino;Branca;Superior Incompleto
403;2022;RO;Ariquemes;Deputado Federal;Bruna Almeida;PODEMOS;4175;281212;Não Eleito;Feminino;Parda;Superior Completo
404;2022;MT;Rondonópolis;Deputado Estadual;Marcos Pereira;PTB;1379;335198;2º Turno;Masculino;Parda;Fundamental Completo
405;2022;RN;Natal;Deputado Federal;Rafael Costa;UNIÃO;2267;259626;Não Eleito;Masculino;Preta;Médio Completo
406;2022;AP;Oiapoque;Deputado Estadual;Diego Martins;PTB;2250;110755;Não Eleito;Masculino;Branca;Médio Completo
407;2022;PB;Campina Grande;Deputado Federal;Rafael Costa;DC;1515;61950;2º Turno;Masculino;Indígena;Superior Completo
408;2022;RN;Macaíba;Deputado Estadual;Ricardo Almeida;PP;4159;318276;Eleito;Masculino;Branca;Superior Completo
409;2022;BA;Camaçari;Senador;André Lima;PL;6366;1192367;Não Eleito;Masculino;Parda;Pós-Graduação
410;2022;GO;Anápolis;Deputado Estadual;Roberta Araújo;PMN;5822;245365;Não Eleito;Feminino;Parda;Superior Completo
411;2022;MT;Várzea Grande;Deputado Federal;Ricardo Almeida;AVANTE;2685;306499;Não Eleito;Masculino;Parda;Médio Incompleto
412;2022;DF;Samambaia;Deputado Estadual;Leandro Dias;PRTB;5451;428262;Não Eleito;Masculino;Branca;Superior Incompleto
413;2022;DF;Plano Piloto;Deputado Federal;Juliana Costa;NOVO;3740;466827;Eleito;Feminino;Parda;Superior Completo
414;2022;MA;Caxias;Senador;Thiago Barbosa;PSOL;7525;281154;Eleito;Masculino;Parda;Superior Incompleto
415;2022;CE;Juazeiro do Norte;Deputado Federal;Antônio Mendes;PSOL;3376;409190;Não Eleito;Masculino;Branca;Superior Completo
416;2022;RS;Gravataí;Deputado Federal;Roberto Carvalho;PDT;2085;202660;Não Eleito;Masculino;Branca;Médio Completo
417;2022;PR;Cascavel;Deputado Estadual;Juliana Costa;REDE;7909;358133;Não Eleito;Feminino;Branca;Médio Completo
418;2022;DF;Brasília;Senador;Ricardo Almeida;SOLIDARIEDADE;2953;1070964;Não Eleito;Masculino;Parda;Superior Completo
419;2022;ES;Cachoeiro de Itapemirim;Deputado Federal;Felipe Gomes;PL;8565;149589;Eleito;Masculino;Amarela;Fundamental Incompleto
420;2022;PR;Curitiba;Deputado Federal;Diego Martins;PP;7800;379693;Não Eleito;Masculino;Branca;Médio Completo
421;2022;AM;Coari;Deputado Estadual;João Santos;AVANTE;5889;365644;2º Turno;Masculino;Parda;Superior Completo
422;2022;AP;Laranjal do Jari;Governador;Paulo Rodrigues;PT;1170;1213788;Eleito;Masculino;Branca;Superior Completo
423;2022;PA;Ananindeua;Deputado Federal;Antônio Mendes;PV;1080;490242;Não Eleito;Masculino;Branca;Pós-Graduação
424;2022;AL;Maceió;Deputado Federal;Ricardo Almeida;PSB;7218;142011;Não Eleito;Masculino;Preta;Superior Completo
425;2022;AP;Santana;Deputado Federal;Felipe Gomes;SOLIDARIEDADE;8320;350847;Eleito;Masculino;Parda;Superior Completo
426;2022;RR;Pacaraima;Governador;Diego Martins;PDT;2504;2263015;Não Eleito;Masculino;Parda;Médio Completo
427;2022;TO;Araguaína;Deputado Estadual;Amanda Rodrigues;PMN;2278;39897;2º Turno;Feminino;Branca;Fundamental Incompleto
428;2022;DF;Samambaia;Senador;Lucas Souza;PSB;4418;4983666;Não Eleito;Masculino;Parda;Médio Completo
429;2022;MA;Codó;Deputado Estadual;Thiago Barbosa;PP;3130;115206;Suplente;Masculino;Branca;Superior Incompleto
430;2022;RN;Macaíba;Deputado Federal;Pedro Oliveira;PSDB;7931;86586;Não Eleito;Masculino;Amarela;Superior Completo
431;2022;AP;Santana;Deputado Estadual;Lucas Souza;PDT;1271;469264;Não Eleito;Masculino;Branca;Superior Incompleto
432;2022;PI;Piripiri;Deputado Federal;Gustavo Rocha;UNIÃO;6806;226716;Não Eleito;Masculino;Branca;Superior Incompleto
433;2022;MG;Belo Horizonte;Deputado Estadual;João Santos;PTB;7267;384279;Suplente;Masculino;Branca;Médio Completo
434;2022;CE;Sobral;Deputado Federal;Thiago Barbosa;SOLIDARIEDADE;2788;357624;Eleito;Masculino;Branca;Fundamental Completo
435;2022;AP;Macapá;Senador;Paulo Rodrigues;UNIÃO;9718;877517;Não Eleito;Masculino;Parda;Superior Completo
436;2022;MT;Sinop;Deputado Federal;Ricardo Almeida;PCdoB;4370;90168;Não Eleito;Masculino;Branca;Médio Completo
437;2022;RN;Parnamirim;Deputado Estadual;Thiago Barbosa;PMN;8811;387996;Não Eleito;Masculino;Preta;Médio Completo
438;2022;MG;Uberlândia;Deputado Federal;Bruno Ferreira;MDB;1208;349692;Não Eleito;Masculino;Branca;Médio Incompleto
439;2022;GO;Goiânia;Deputado Federal;Maria Santos;PROS;6769;248923;Não Eleito;Feminino;Parda;Médio Completo
440;2022;AP;Macapá;Senador;Fernando Nascimento;PDT;9606;4250698;Não Eleito;Masculino;Branca;Fundamental Completo
441;2022;MA;Paço do Lumiar;Deputado Estadual;Antônio Mendes;PV;5216;348317;Não Eleito;Masculino;Branca;Fundamental Incompleto
442;2022;MS;Três Lagoas;Deputado Estadual;Adriana Carvalho;PCdoB;2847;142024;Não Eleito;Feminino;Parda;Fundamental Incompleto
443;2022;PA;Abaetetuba;Deputado Federal;Roberta Araújo;PCdoB;1506;128619;Não Eleito;Feminino;Parda;Superior Incompleto
444;2022;DF;Brasília;Deputado Federal;Fernanda Lima;PSDB;9927;471950;Suplente;Feminino;Indígena;Superior Completo
445;2022;CE;Juazeiro do Norte;Governador;Roberto Carvalho;AVANTE;7836;7979470;2º Turno;Masculino;Branca;Fundamental Incompleto
446;2022;PI;Picos;Senador;Bruno Ferreira;REDE;6685;2449346;Eleito;Masculino;Branca;Pós-Graduação
447;2022;BA;Ilhéus;Deputado Estadual;Fernando Nascimento;PROS;3664;159697;Não Eleito;Masculino;Branca;Médio Completo
448;2022;PB;João Pessoa;Deputado Federal;Fernanda Lima;PT;9001;160838;Eleito;Feminino;Branca;Superior Completo
449;2022;AL;Rio Largo;Deputado Federal;Luciana Rocha;DC;3540;45590;Não Eleito;Feminino;Branca;Superior Completo
450;2022;PA;Castanhal;Governador;João Santos;PCdoB;6810;2136485;Não Eleito;Masculino;Parda;Superior Incompleto
451;2022;AP;Laranjal do Jari;Governador;Rafael Costa;REDE;8140;5745220;Suplente;Masculino;Parda;Médio Incompleto
452;2022;SE;Nossa Senhora do Socorro;Deputado Federal;André Lima;PODEMOS;5997;45377;Não Eleito;Masculino;Preta;Superior Incompleto
453;2022;CE;Maracanaú;Deputado Estadual;Fernanda Lima;MDB;9627;232183;Não Eleito;Feminino;Parda;Superior Completo
454;2022;MS;Corumbá;Deputado Federal;Francisco Ribeiro;NOVO;1453;478943;Não Eleito;Masculino;Amarela;Superior Incompleto
455;2022;SE;Nossa Senhora do Socorro;Deputado Estadual;Paulo Rodrigues;REDE;9391;196117;Eleito;Masculino;Parda;Superior Completo
456;2022;MA;São Luís;Deputado Estadual;José Araújo;DC;1097;243144;Não Eleito;Masculino;Parda;Superior Incompleto
457;2022;AL;Maceió;Deputado Federal;Fernanda Lima;PSB;2595;431433;Não Eleito;Feminino;Parda;Médio Completo
458;2022;AL;Maceió;Deputado Estadual;Ana Oliveira;PMN;4359;271171;Eleito;Feminino;Parda;Superior Completo
459;2022;ES;Linhares;Deputado Estadual;Fernando Nascimento;PRTB;1105;422875;Não Eleito;Masculino;Parda;Fundamental Completo
460;2022;AC;Cruzeiro do Sul;Deputado Estadual;Lucas Souza;PDT;4347;54819;Não Eleito;Masculino;Parda;Superior Incompleto
461;2022;AL;Maceió;Deputado Federal;Rafael Costa;PDT;9957;136957;Não Eleito;Masculino;Parda;Superior Completo
462;2022;RN;Natal;Deputado Estadual;Rafael Costa;MDB;4943;90035;Não Eleito;Masculino;Parda;Médio Completo
463;2022;PE;Olinda;Deputado Federal;Felipe Gomes;PCdoB;7018;350566;Não Eleito;Masculino;Branca;Superior Completo
464;2022;PB;Patos;Senador;Fernando Nascimento;NOVO;2968;4762928;Não Eleito;Masculino;Parda;Fundamental Incompleto
465;2022;RO;Cacoal;Deputado Estadual;Roberta Araújo;MDB;8666;463144;Não Eleito;Feminino;Branca;Pós-Graduação
466;2022;MS;Ponta Porã;Senador;Antônio Mendes;PMN;9602;3306794;Não Eleito;Masculino;Branca;Médio Incompleto
467;2022;RO;Cacoal;Deputado Federal;Patrícia Souza;PSDB;5963;484667;Não Eleito;Feminino;Preta;Superior Completo
468;2022;MT;Sinop;Deputado Estadual;Thiago Barbosa;UP;9608;136409;Eleito;Masculino;Branca;Pós-Graduação
469;2022;MS;Ponta Porã;Deputado Estadual;João Santos;PL;3607;121979;Eleito;Masculino;Branca;Pós-Graduação
470;2022;PE;Olinda;Deputado Estadual;Bruna Almeida;PP;3850;382267;Suplente;Feminino;Parda;Superior Incompleto
471;2022;AM;Manaus;Deputado Estadual;Pedro Oliveira;NOVO;7132;318498;Não Eleito;Masculino;Branca;Médio Incompleto
472;2022;AP;Oiapoque;Deputado Federal;Mônica Dias;PV;4272;103112;Não Eleito;Feminino;Parda;Médio Completo
473;2022;DF;Ceilândia;Deputado Estadual;André Lima;UNIÃO;1397;330337;2º Turno;Masculino;Branca;Fundamental Incompleto
474;2022;BA;Salvador;Deputado Federal;Gustavo Rocha;UNIÃO;6582;97652;Não Eleito;Masculino;Amarela;Superior Completo
475;2022;PI;Piripiri;Deputado Federal;Diego Martins;CIDADANIA;6768;187400;Não Eleito;Masculino;Parda;Médio Incompleto
476;2022;AM;Manacapuru;Deputado Estadual;Pedro Oliveira;REDE;2280;67185;Não Eleito;Masculino;Branca;Fundamental Completo
477;2022;ES;Vitória;Deputado Estadual;Paulo Rodrigues;PODEMOS;5118;205195;Não Eleito;Masculino;Branca;Superior Completo
478;2022;MA;São Luís;Deputado Estadual;Thiago Barbosa;PROS;9192;164203;Não Eleito;Masculino;Branca;Superior Completo
479;2022;AP;Oiapoque;Governador;Maria Santos;PT;6538;3585007;Não Eleito;Feminino;Branca;Superior Completo
480;2022;BA;Camaçari;Deputado Estadual;Ana Oliveira;PDT;9086;38726;Não Eleito;Feminino;Parda;Superior Completo
481;2022;TO;Palmas;Deputado Federal;Francisco Ribeiro;PROS;2320;465815;Não Eleito;Masculino;Preta;Médio Completo
482;2022;AL;Maceió;Deputado Federal;Antônio Mendes;SOLIDARIEDADE;8824;159578;Não Eleito;Masculino;Parda;Médio Completo
483;2022;AL;Maceió;Deputado Estadual;Sandra Gomes;PROS;7215;358033;Não Eleito;Feminino;Branca;Superior Completo
484;2022;MT;Sinop;Deputado Estadual;Francisco Ribeiro;PV;3257;61098;Não Eleito;Masculino;Parda;Pós-Graduação
485;2022;MS;Três Lagoas;Deputado Federal;João Santos;PDT;4801;48729;Não Eleito;Masculino;Branca;Superior Completo
486;2022;SP;Santos;Deputado Estadual;Maria Santos;PRTB;5094;426547;Eleito;Feminino;Branca;Superior Incompleto
487;2022;MA;São Luís;Deputado Federal;Paulo Rodrigues;PODEMOS;3125;318283;Não Eleito;Masculino;Parda;Superior Completo
488;2022;AM;Itacoatiara;Governador;Antônio Mendes;PDT;8266;6032200;Não Eleito;Masculino;Branca;Superior Completo
489;2022;RO;Ji-Paraná;Deputado Estadual;Gustavo Rocha;CIDADANIA;2710;28810;Não Eleito;Masculino;Branca;Pós-Graduação
490;2022;PE;Olinda;Deputado Federal;Luciana Rocha;PDT;5996;389473;Não Eleito;Feminino;Branca;Superior Completo
491;2022;SP;Campinas;Deputado Federal;Bruno Ferreira;PTB;8434;60393;Eleito;Masculino;Parda;Médio Completo
492;2022;RJ;Campos dos Goytacazes;Deputado Federal;Ana Oliveira;PSDB;7290;260209;Eleito;Feminino;Branca;Superior Incompleto
493;2022;ES;Vila Velha;Deputado Federal;Sandra Gomes;PT;5999;16913;Não Eleito;Feminino;Branca;Fundamental Incompleto
494;2022;RN;Parnamirim;Governador;Mônica Dias;REPUBLICANOS;1448;2910048;Não Eleito;Feminino;Parda;Superior Completo
495;2022;SP;São Paulo;Senador;Fernando Nascimento;PV;8594;3585385;Não Eleito;Masculino;Parda;Superior Completo
496;2022;CE;Maracanaú;Deputado Estadual;Bruna Almeida;MDB;1248;147667;Não Eleito;Feminino;Amarela;Fundamental Completo
497;2022;ES;Cachoeiro de Itapemirim;Deputado Federal;João Santos;PROS;5493;190132;Não Eleito;Masculino;Branca;Superior Completo
498;2022;SE;São Cristóvão;Deputado Federal;Roberto Carvalho;PSDB;3929;233183;Não Eleito;Masculino;Parda;Superior Incompleto
499;2022;MS;Corumbá;Deputado Estadual;Francisco Ribeiro;PT;2303;145437;Suplente;Masculino;Parda;Pós-Graduação
500;2022;PB;Campina Grande;Deputado Federal;Larissa Nascimento;PCdoB;3084;119733;Não Eleito;Feminino;Branca;Superior Completo
