ID;Data;Emissora;Programa;Faixa_Horaria;Share_%;Audiencia_Pontos;Faixa_Etaria_Predominante;Genero_Predominante;Praca;Dia_Semana
1;01/01/2023;Globo;Altas Horas;14h-17h;11,0;28,0;55-64;Feminino;Grande BH;Terça
2;06/08/2023;SBT;Faustão na Band;09h-12h;27,6;18,6;55-64;Masculino;Nacional;Sábado
3;09/05/2024;SBT;Mais Você;09h-12h;15,4;9,8;35-44;Masculino;Grande POA;Segunda
4;29/03/2024;SBT;Altas Horas;09h-12h;9,9;33,6;18-24;Masculino;Grande SP;Sábado
5;07/02/2024;GloboNews;Encontro;14h-17h;10,4;5,8;45-54;Equilibrado;Grande Salvador;Domingo
6;04/06/2023;Record;Faustão na Band;00h-06h;21,6;8,0;18-24;Feminino;Grande Salvador;Sexta
7;17/12/2024;Globo;Roda Viva;22h-00h;41,9;25,7;18-24;Feminino;Grande SP;Terça
8;25/07/2024;SBT;Fantástico;14h-17h;17,7;1,7;55-64;Feminino;Grande RJ;Sexta
9;30/05/2024;GloboNews;Encontro;12h-14h;28,7;3,4;18-24;Equilibrado;Grande POA;Domingo
10;26/12/2024;SBT;Fantástico;12h-14h;40,5;9,8;65+;Equilibrado;Nacional;Quinta
11;29/04/2024;GloboNews;Saia Justa;12h-14h;19,8;15,0;35-44;Equilibrado;Grande SP;Domingo
12;16/03/2024;GloboNews;Balanço Geral;06h-09h;38,1;9,0;45-54;Masculino;Nacional;Sexta
13;09/11/2024;SBT;Roda Viva;17h-20h;42,6;25,6;35-44;Equilibrado;Grande POA;Quarta
14;19/11/2023;RedeTV!;Faustão na Band;14h-17h;5,6;32,4;55-64;Equilibrado;Nacional;Sexta
15;26/11/2024;Band;Caldeirão;09h-12h;12,3;32,0;55-64;Feminino;Grande SP;Sexta
16;27/09/2024;SBT;Mais Você;06h-09h;39,1;21,1;65+;Masculino;Grande RJ;Domingo
17;02/03/2024;GloboNews;Altas Horas;17h-20h;10,5;5,0;25-34;Equilibrado;Grande BH;Quinta
18;14/04/2023;Record;Globo Repórter;12h-14h;32,6;20,7;55-64;Equilibrado;Grande SP;Sábado
19;17/04/2023;SBT;Encontro;20h-22h;11,0;1,1;65+;Masculino;Grande RJ;Sábado
20;06/04/2024;Band;Balanço Geral;12h-14h;41,0;28,7;55-64;Equilibrado;Grande BH;Quinta
21;04/11/2023;Record;Balanço Geral;20h-22h;18,5;16,4;55-64;Equilibrado;Grande POA;Segunda
22;09/06/2024;GloboNews;Cidade Alerta;12h-14h;10,0;18,6;55-64;Equilibrado;Grande POA;Segunda
23;04/12/2023;TV Cultura;Encontro;09h-12h;18,1;2,2;65+;Masculino;Grande Salvador;Terça
24;15/12/2024;TV Cultura;Caldeirão;20h-22h;18,6;16,6;55-64;Equilibrado;Grande Recife;Domingo
25;05/10/2023;Band;Jornal Nacional;20h-22h;23,7;24,2;55-64;Feminino;Grande Recife;Domingo
26;01/02/2024;Record;Domingo Legal;06h-09h;38,7;30,1;45-54;Masculino;Grande RJ;Quinta
27;03/05/2023;Globo;Fantástico;12h-14h;19,4;13,8;25-34;Masculino;Grande SP;Quinta
28;27/11/2023;SBT;Mais Você;00h-06h;31,1;14,5;35-44;Feminino;Grande POA;Sábado
29;19/06/2024;Band;Mais Você;20h-22h;34,1;12,9;45-54;Feminino;Grande SP;Terça
30;18/09/2023;Band;Altas Horas;17h-20h;1,3;2,3;55-64;Feminino;Grande BH;Sexta
31;29/02/2024;GloboNews;Cidade Alerta;17h-20h;31,1;12,8;45-54;Feminino;Grande BH;Quarta
32;29/11/2023;Globo;Cidade Alerta;12h-14h;40,2;30,2;35-44;Masculino;Nacional;Sexta
33;25/08/2024;RedeTV!;Faustão na Band;17h-20h;1,2;28,2;25-34;Masculino;Grande Recife;Quinta
34;01/07/2024;Band;Jornal Nacional;14h-17h;37,8;28,8;18-24;Equilibrado;Grande SP;Quinta
35;21/01/2023;Record;Altas Horas;14h-17h;3,0;22,0;35-44;Masculino;Grande RJ;Sexta
36;20/10/2024;Band;Fantástico;12h-14h;3,0;24,4;65+;Masculino;Grande Recife;Sexta
37;01/07/2024;Record;Jornal Nacional;17h-20h;33,9;7,8;65+;Equilibrado;Grande SP;Sexta
38;19/03/2024;TV Cultura;Big Brother Brasil;00h-06h;27,2;30,4;55-64;Feminino;Grande RJ;Domingo
39;07/10/2023;SBT;Cidade Alerta;17h-20h;5,8;13,0;55-64;Feminino;Grande Recife;Segunda
40;02/11/2023;SBT;Fantástico;00h-06h;10,0;26,5;45-54;Equilibrado;Grande POA;Quarta
41;05/06/2024;Globo;Mais Você;00h-06h;29,2;33,4;55-64;Feminino;Grande Salvador;Segunda
42;11/12/2023;RedeTV!;Fantástico;12h-14h;29,9;15,4;25-34;Equilibrado;Grande Recife;Quarta
43;04/10/2023;Record;Fantástico;14h-17h;43,7;12,7;55-64;Equilibrado;Nacional;Terça
44;07/12/2023;RedeTV!;Caldeirão;06h-09h;21,6;29,6;25-34;Masculino;Grande RJ;Segunda
45;31/07/2024;TV Cultura;The Voice Brasil;00h-06h;21,7;18,9;45-54;Feminino;Grande Recife;Quarta
46;27/04/2023;TV Cultura;Encontro;09h-12h;23,6;15,2;35-44;Equilibrado;Grande Recife;Sábado
47;12/06/2023;Record;Jornal Nacional;12h-14h;37,9;11,5;65+;Equilibrado;Nacional;Quinta
48;14/12/2024;RedeTV!;Caldeirão;09h-12h;26,1;6,0;65+;Masculino;Grande RJ;Quinta
49;01/02/2023;TV Cultura;Saia Justa;22h-00h;32,5;26,6;25-34;Feminino;Grande POA;Domingo
50;07/05/2024;SBT;Jornal da Record;09h-12h;38,4;15,8;65+;Masculino;Grande POA;Quinta
51;06/07/2023;GloboNews;Jornal da Record;09h-12h;17,3;34,4;55-64;Masculino;Grande POA;Sexta
52;27/05/2024;Record;Encontro;12h-14h;40,0;28,9;35-44;Equilibrado;Grande BH;Quinta
53;29/09/2024;RedeTV!;Jornal Nacional;22h-00h;41,8;8,6;45-54;Equilibrado;Grande RJ;Terça
54;31/10/2024;Band;Globo Repórter;00h-06h;28,5;33,1;18-24;Masculino;Grande RJ;Terça
55;27/04/2024;TV Cultura;Fantástico;06h-09h;32,2;28,0;45-54;Feminino;Nacional;Quarta
56;09/07/2024;TV Cultura;The Voice Brasil;06h-09h;30,5;19,6;45-54;Feminino;Grande Recife;Quarta
57;21/12/2024;SBT;Big Brother Brasil;00h-06h;19,5;11,3;25-34;Equilibrado;Grande Recife;Segunda
58;11/07/2024;RedeTV!;Fantástico;00h-06h;34,0;16,5;18-24;Feminino;Grande Recife;Segunda
59;25/11/2023;Band;Fantástico;17h-20h;17,3;34,6;65+;Equilibrado;Grande POA;Terça
60;19/02/2024;GloboNews;Jornal da Record;17h-20h;25,2;15,8;25-34;Equilibrado;Grande SP;Domingo
61;09/06/2023;Globo;Faustão na Band;22h-00h;4,5;8,7;45-54;Equilibrado;Grande SP;Terça
62;28/04/2023;TV Cultura;Jornal Nacional;20h-22h;33,5;19,4;55-64;Masculino;Grande RJ;Sexta
63;24/10/2024;GloboNews;Roda Viva;09h-12h;23,5;5,1;18-24;Equilibrado;Nacional;Quinta
64;08/01/2023;Band;Roda Viva;06h-09h;39,4;2,1;55-64;Masculino;Grande RJ;Quinta
65;31/05/2023;RedeTV!;Cidade Alerta;22h-00h;25,3;31,3;25-34;Feminino;Grande Salvador;Sexta
66;09/11/2024;GloboNews;Altas Horas;17h-20h;27,7;16,2;18-24;Masculino;Grande Salvador;Quarta
67;15/02/2023;Band;Faustão na Band;20h-22h;21,3;21,7;55-64;Equilibrado;Nacional;Terça
68;15/07/2023;SBT;Saia Justa;00h-06h;1,6;17,3;25-34;Equilibrado;Grande SP;Domingo
69;24/06/2023;GloboNews;Jornal da Record;09h-12h;15,2;12,2;18-24;Equilibrado;Nacional;Domingo
70;22/11/2023;Band;Fantástico;20h-22h;6,6;3,7;45-54;Equilibrado;Grande Recife;Sábado
71;16/08/2023;RedeTV!;Caldeirão;17h-20h;12,6;11,2;55-64;Equilibrado;Grande RJ;Segunda
72;20/03/2023;SBT;Big Brother Brasil;17h-20h;40,1;33,3;65+;Equilibrado;Grande SP;Domingo
73;06/06/2023;Record;Mais Você;06h-09h;9,7;19,0;45-54;Masculino;Grande BH;Sábado
74;07/02/2024;GloboNews;Big Brother Brasil;06h-09h;26,6;15,6;45-54;Equilibrado;Grande POA;Sexta
75;24/02/2023;GloboNews;Cidade Alerta;14h-17h;29,1;10,9;65+;Feminino;Grande BH;Quinta
76;08/06/2024;SBT;Caldeirão;22h-00h;44,0;20,3;35-44;Masculino;Nacional;Terça
77;09/03/2024;TV Cultura;Altas Horas;17h-20h;36,8;2,8;25-34;Masculino;Grande Recife;Quarta
78;06/05/2024;Record;Faustão na Band;14h-17h;39,2;12,7;45-54;Feminino;Grande POA;Sábado
79;14/06/2023;RedeTV!;Cidade Alerta;00h-06h;11,3;18,1;55-64;Equilibrado;Grande RJ;Sábado
80;08/02/2023;Record;Big Brother Brasil;20h-22h;25,6;32,3;65+;Feminino;Grande Salvador;Terça
81;21/08/2023;Record;Balanço Geral;17h-20h;5,0;30,0;65+;Feminino;Grande SP;Sexta
82;22/12/2023;TV Cultura;Caldeirão;14h-17h;26,7;28,0;18-24;Feminino;Grande RJ;Quarta
83;26/10/2023;GloboNews;Roda Viva;00h-06h;32,2;13,9;65+;Masculino;Grande BH;Sábado
84;09/10/2024;RedeTV!;Saia Justa;17h-20h;29,6;32,3;45-54;Feminino;Grande Salvador;Sexta
85;28/04/2023;Band;Big Brother Brasil;00h-06h;1,1;1,0;25-34;Masculino;Grande SP;Sexta
86;11/11/2024;Globo;Roda Viva;09h-12h;29,4;33,0;18-24;Masculino;Nacional;Domingo
87;04/11/2023;GloboNews;Caldeirão;00h-06h;18,0;31,2;65+;Equilibrado;Grande BH;Domingo
88;29/07/2024;Record;Faustão na Band;00h-06h;13,7;25,9;25-34;Equilibrado;Nacional;Sábado
89;09/05/2023;RedeTV!;Roda Viva;17h-20h;30,2;34,9;25-34;Masculino;Nacional;Terça
90;10/03/2024;GloboNews;Saia Justa;06h-09h;26,3;22,8;45-54;Equilibrado;Nacional;Terça
91;30/04/2023;RedeTV!;Jornal da Record;22h-00h;17,6;16,4;55-64;Equilibrado;Grande POA;Quinta
92;28/02/2024;Band;Big Brother Brasil;06h-09h;7,1;11,3;45-54;Masculino;Grande BH;Terça
93;02/02/2023;Record;Cidade Alerta;12h-14h;30,9;34,3;35-44;Equilibrado;Grande Recife;Sexta
94;10/02/2023;Globo;Jornal da Record;00h-06h;43,8;19,6;45-54;Feminino;Grande BH;Sexta
95;17/01/2023;Globo;Faustão na Band;00h-06h;28,0;11,8;65+;Feminino;Grande BH;Domingo
96;18/02/2024;Globo;Caldeirão;17h-20h;2,2;6,2;25-34;Feminino;Grande SP;Quinta
97;08/11/2023;GloboNews;Roda Viva;20h-22h;20,1;11,1;45-54;Masculino;Grande SP;Sexta
98;28/01/2024;Record;Faustão na Band;12h-14h;17,7;2,8;55-64;Feminino;Grande Salvador;Sábado
99;26/01/2024;RedeTV!;Mais Você;20h-22h;26,6;5,9;25-34;Feminino;Grande Salvador;Quinta
100;20/01/2024;GloboNews;Caldeirão;09h-12h;14,1;2,1;25-34;Equilibrado;Grande BH;Segunda
101;03/07/2023;TV Cultura;Mais Você;20h-22h;3,8;25,4;25-34;Feminino;Nacional;Quarta
102;30/11/2024;SBT;Roda Viva;00h-06h;7,2;18,9;55-64;Masculino;Grande Recife;Segunda
103;04/11/2023;Band;Domingo Legal;14h-17h;3,9;32,4;35-44;Feminino;Grande Salvador;Sábado
104;13/12/2024;Globo;Saia Justa;00h-06h;13,9;29,1;25-34;Feminino;Grande SP;Segunda
105;24/09/2023;TV Cultura;The Voice Brasil;00h-06h;26,9;11,4;18-24;Masculino;Nacional;Sábado
106;09/01/2023;SBT;Jornal Nacional;20h-22h;13,6;15,7;65+;Feminino;Grande POA;Segunda
107;10/06/2024;Record;Fantástico;20h-22h;23,1;2,6;65+;Equilibrado;Grande Recife;Quinta
108;07/09/2023;Globo;Encontro;14h-17h;26,6;11,7;18-24;Feminino;Grande RJ;Quinta
109;07/05/2024;RedeTV!;Altas Horas;12h-14h;28,8;33,1;18-24;Feminino;Nacional;Sexta
110;21/03/2023;RedeTV!;The Voice Brasil;09h-12h;3,0;23,7;65+;Equilibrado;Grande BH;Quinta
111;05/11/2023;Record;Mais Você;00h-06h;37,9;14,5;55-64;Equilibrado;Nacional;Segunda
112;27/05/2023;GloboNews;Altas Horas;14h-17h;11,8;28,4;18-24;Feminino;Grande BH;Terça
113;24/12/2024;TV Cultura;Jornal da Record;06h-09h;18,8;2,3;25-34;Masculino;Grande RJ;Sexta
114;18/03/2024;GloboNews;Mais Você;20h-22h;41,0;1,2;35-44;Masculino;Grande RJ;Quarta
115;08/04/2023;Globo;Encontro;12h-14h;2,2;14,6;18-24;Masculino;Grande BH;Segunda
116;20/09/2023;SBT;Cidade Alerta;06h-09h;5,2;30,2;45-54;Masculino;Grande RJ;Domingo
117;15/06/2024;Record;Cidade Alerta;12h-14h;38,5;10,1;18-24;Feminino;Grande RJ;Domingo
118;24/08/2024;Record;Balanço Geral;12h-14h;3,1;13,5;65+;Masculino;Grande SP;Sábado
119;20/09/2024;GloboNews;Fantástico;09h-12h;6,0;7,7;55-64;Feminino;Grande RJ;Terça
120;12/08/2024;Globo;Jornal da Record;14h-17h;29,2;13,0;55-64;Feminino;Grande SP;Domingo
121;08/08/2023;Record;Domingo Legal;17h-20h;15,8;30,2;65+;Feminino;Grande BH;Terça
122;10/08/2023;SBT;Balanço Geral;22h-00h;14,1;28,2;55-64;Feminino;Grande POA;Domingo
123;06/01/2023;Record;Caldeirão;22h-00h;19,9;9,7;65+;Masculino;Grande Salvador;Domingo
124;20/08/2024;SBT;Domingo Legal;22h-00h;34,0;22,5;45-54;Equilibrado;Nacional;Domingo
125;06/09/2023;SBT;Saia Justa;12h-14h;28,4;29,1;35-44;Feminino;Nacional;Domingo
126;05/04/2023;SBT;Balanço Geral;22h-00h;44,2;14,4;35-44;Equilibrado;Nacional;Segunda
127;01/10/2023;Band;Roda Viva;12h-14h;17,3;9,0;65+;Equilibrado;Grande SP;Sexta
128;02/03/2024;Band;Encontro;09h-12h;12,7;27,5;35-44;Masculino;Grande RJ;Quinta
129;18/08/2024;TV Cultura;Saia Justa;12h-14h;13,7;15,7;35-44;Feminino;Grande POA;Sábado
130;22/11/2023;TV Cultura;Domingo Legal;20h-22h;10,2;20,5;65+;Equilibrado;Grande POA;Terça
131;11/10/2024;GloboNews;Mais Você;14h-17h;7,8;7,5;65+;Feminino;Grande POA;Sexta
132;04/06/2023;SBT;Globo Repórter;20h-22h;21,9;5,9;45-54;Equilibrado;Grande Salvador;Quinta
133;21/07/2023;TV Cultura;Domingo Legal;20h-22h;12,9;32,9;35-44;Feminino;Grande Recife;Quarta
134;27/05/2024;TV Cultura;Altas Horas;14h-17h;30,4;1,4;18-24;Feminino;Grande Salvador;Sexta
135;31/05/2023;SBT;Faustão na Band;14h-17h;28,1;26,4;55-64;Equilibrado;Grande SP;Quinta
136;09/04/2023;SBT;Domingo Legal;09h-12h;5,5;31,4;55-64;Equilibrado;Grande RJ;Sábado
137;17/04/2024;Globo;Jornal Nacional;14h-17h;2,0;28,3;45-54;Masculino;Grande POA;Segunda
138;27/04/2024;TV Cultura;Balanço Geral;06h-09h;42,5;9,9;55-64;Feminino;Nacional;Quinta
139;21/07/2024;TV Cultura;Jornal Nacional;12h-14h;18,0;10,0;25-34;Masculino;Grande RJ;Segunda
140;20/10/2023;Band;Jornal da Record;17h-20h;35,5;15,7;25-34;Feminino;Grande Salvador;Quarta
141;28/05/2023;TV Cultura;Balanço Geral;22h-00h;38,1;10,7;45-54;Masculino;Nacional;Terça
142;04/09/2024;Globo;The Voice Brasil;12h-14h;33,9;20,7;55-64;Equilibrado;Grande BH;Segunda
143;09/08/2023;Band;Caldeirão;09h-12h;44,7;4,3;65+;Feminino;Grande Salvador;Quinta
144;27/10/2023;RedeTV!;The Voice Brasil;09h-12h;28,3;16,1;65+;Masculino;Grande POA;Sábado
145;17/07/2024;Record;Jornal da Record;20h-22h;10,7;4,3;18-24;Feminino;Grande SP;Terça
146;25/12/2023;GloboNews;Jornal Nacional;09h-12h;18,7;25,3;55-64;Equilibrado;Grande BH;Sábado
147;22/08/2024;Globo;Big Brother Brasil;14h-17h;11,0;9,9;35-44;Masculino;Grande POA;Sábado
148;05/03/2024;GloboNews;Faustão na Band;14h-17h;43,1;9,9;18-24;Feminino;Grande SP;Domingo
149;30/07/2024;RedeTV!;Caldeirão;09h-12h;33,0;33,4;45-54;Feminino;Grande Recife;Terça
150;08/02/2023;Globo;Caldeirão;09h-12h;5,6;0,9;35-44;Equilibrado;Grande Salvador;Sábado
151;27/08/2024;TV Cultura;Big Brother Brasil;06h-09h;3,1;11,2;25-34;Masculino;Grande RJ;Sexta
152;29/07/2024;GloboNews;Altas Horas;22h-00h;41,7;14,4;55-64;Masculino;Grande Salvador;Segunda
153;27/09/2024;RedeTV!;Fantástico;14h-17h;13,8;4,7;25-34;Feminino;Grande Recife;Sábado
154;04/12/2023;SBT;Caldeirão;12h-14h;44,8;7,7;25-34;Masculino;Grande POA;Segunda
155;13/12/2024;Band;Globo Repórter;00h-06h;37,8;32,5;18-24;Masculino;Grande Recife;Quinta
156;02/03/2023;Globo;Mais Você;00h-06h;5,4;24,7;18-24;Feminino;Grande SP;Terça
157;19/05/2023;GloboNews;Globo Repórter;17h-20h;41,8;28,7;25-34;Feminino;Grande POA;Sábado
158;05/01/2023;Record;Big Brother Brasil;17h-20h;5,0;5,1;55-64;Feminino;Nacional;Sábado
159;03/11/2023;SBT;Cidade Alerta;00h-06h;42,1;3,1;55-64;Masculino;Grande POA;Quinta
160;06/06/2024;SBT;Faustão na Band;22h-00h;14,0;15,3;55-64;Masculino;Grande RJ;Sexta
161;23/03/2023;Globo;Faustão na Band;17h-20h;28,0;4,3;45-54;Masculino;Nacional;Sexta
162;21/10/2023;Record;Domingo Legal;12h-14h;6,2;10,3;18-24;Masculino;Grande Salvador;Terça
163;26/03/2023;SBT;Jornal da Record;20h-22h;3,3;21,1;45-54;Equilibrado;Grande RJ;Quinta
164;10/03/2023;Band;Caldeirão;20h-22h;15,8;34,9;25-34;Equilibrado;Grande POA;Sábado
165;16/11/2023;Globo;Jornal Nacional;12h-14h;28,9;10,3;65+;Masculino;Grande Salvador;Quinta
166;20/08/2024;RedeTV!;Caldeirão;20h-22h;19,7;21,4;55-64;Equilibrado;Grande Recife;Terça
167;01/03/2023;Globo;Saia Justa;09h-12h;27,0;22,2;65+;Feminino;Grande POA;Quinta
168;23/12/2023;TV Cultura;Roda Viva;14h-17h;17,1;27,4;35-44;Masculino;Nacional;Terça
169;04/04/2024;TV Cultura;Big Brother Brasil;00h-06h;7,9;14,4;65+;Feminino;Grande POA;Quarta
170;27/01/2023;SBT;Roda Viva;06h-09h;22,0;23,4;18-24;Feminino;Nacional;Sábado
171;09/10/2023;Globo;Domingo Legal;06h-09h;44,4;13,5;65+;Feminino;Nacional;Terça
172;24/09/2023;Globo;The Voice Brasil;09h-12h;39,6;0,6;65+;Feminino;Grande POA;Sexta
173;05/09/2024;Globo;Caldeirão;09h-12h;22,4;19,0;18-24;Feminino;Grande POA;Terça
174;16/07/2023;RedeTV!;Globo Repórter;09h-12h;16,5;27,8;25-34;Masculino;Grande RJ;Terça
175;19/07/2024;Record;Balanço Geral;12h-14h;25,5;10,3;55-64;Feminino;Grande POA;Quarta
176;09/06/2023;RedeTV!;Jornal da Record;20h-22h;45,0;20,9;35-44;Masculino;Grande SP;Quarta
177;05/04/2023;Globo;Caldeirão;00h-06h;27,6;4,5;35-44;Masculino;Grande Salvador;Segunda
178;10/09/2023;SBT;Jornal Nacional;20h-22h;9,5;33,9;45-54;Masculino;Grande RJ;Domingo
179;20/10/2024;RedeTV!;Cidade Alerta;06h-09h;35,8;15,6;18-24;Equilibrado;Grande Salvador;Sábado
180;04/01/2024;Band;Fantástico;00h-06h;24,1;1,5;55-64;Masculino;Nacional;Segunda
181;25/01/2023;SBT;Globo Repórter;17h-20h;41,0;25,1;35-44;Masculino;Grande BH;Segunda
182;19/09/2024;SBT;Cidade Alerta;09h-12h;41,9;9,6;45-54;Equilibrado;Grande POA;Domingo
183;10/04/2024;SBT;Cidade Alerta;06h-09h;8,7;22,6;65+;Equilibrado;Grande Recife;Terça
184;24/01/2023;Band;Domingo Legal;20h-22h;22,9;32,0;65+;Equilibrado;Grande SP;Sábado
185;21/08/2023;Band;Globo Repórter;12h-14h;5,3;28,9;55-64;Equilibrado;Grande Salvador;Quinta
186;14/09/2023;Record;Roda Viva;06h-09h;15,0;12,0;35-44;Feminino;Grande POA;Domingo
187;17/01/2024;RedeTV!;Encontro;06h-09h;25,0;10,1;55-64;Equilibrado;Grande SP;Domingo
188;05/03/2024;RedeTV!;Altas Horas;06h-09h;31,3;12,9;25-34;Equilibrado;Grande Recife;Domingo
189;10/07/2024;Band;Jornal Nacional;22h-00h;3,9;2,2;35-44;Feminino;Grande POA;Terça
190;28/08/2023;Band;Caldeirão;20h-22h;20,5;2,0;45-54;Feminino;Grande RJ;Quinta
191;29/02/2024;Globo;Domingo Legal;22h-00h;30,2;2,9;55-64;Equilibrado;Grande SP;Terça
192;02/01/2024;Record;Jornal Nacional;17h-20h;9,6;25,4;55-64;Equilibrado;Grande RJ;Sábado
193;19/09/2024;GloboNews;Roda Viva;17h-20h;12,9;16,4;45-54;Masculino;Grande BH;Domingo
194;10/01/2023;RedeTV!;Encontro;12h-14h;11,6;5,4;35-44;Masculino;Grande RJ;Quarta
195;08/06/2024;Globo;Fantástico;17h-20h;4,5;25,0;35-44;Masculino;Grande Salvador;Quarta
196;17/12/2023;Record;Roda Viva;09h-12h;15,4;12,2;45-54;Feminino;Nacional;Sexta
197;30/01/2023;Band;Balanço Geral;00h-06h;25,8;13,6;25-34;Feminino;Grande RJ;Quarta
198;08/04/2024;Globo;Domingo Legal;14h-17h;10,8;5,5;35-44;Equilibrado;Grande Recife;Quarta
199;03/01/2024;Record;Domingo Legal;09h-12h;15,2;19,1;25-34;Equilibrado;Grande POA;Terça
200;17/02/2023;SBT;Jornal Nacional;12h-14h;27,6;14,0;65+;Equilibrado;Grande Recife;Segunda
201;29/03/2024;Record;Globo Repórter;00h-06h;14,0;5,9;25-34;Masculino;Grande SP;Quarta
202;31/03/2023;Band;The Voice Brasil;12h-14h;40,8;12,9;25-34;Equilibrado;Grande RJ;Quinta
203;27/01/2024;RedeTV!;Jornal da Record;00h-06h;38,8;29,3;45-54;Masculino;Grande RJ;Domingo
204;30/12/2023;GloboNews;Fantástico;14h-17h;6,3;8,5;25-34;Equilibrado;Grande SP;Quarta
205;28/06/2024;GloboNews;Saia Justa;06h-09h;9,1;2,1;18-24;Equilibrado;Grande Recife;Segunda
206;19/04/2023;RedeTV!;Domingo Legal;14h-17h;10,3;21,9;45-54;Equilibrado;Grande POA;Segunda
207;10/09/2024;Globo;Jornal Nacional;06h-09h;29,4;6,8;55-64;Equilibrado;Grande BH;Quinta
208;12/04/2023;Band;Cidade Alerta;12h-14h;38,0;13,5;65+;Equilibrado;Grande BH;Sábado
209;19/05/2024;Globo;Saia Justa;20h-22h;43,7;11,2;65+;Feminino;Grande Recife;Sexta
210;27/05/2023;Record;Jornal Nacional;17h-20h;35,9;12,4;25-34;Masculino;Grande Salvador;Terça
211;26/03/2023;Band;The Voice Brasil;00h-06h;41,3;18,9;18-24;Feminino;Grande BH;Quinta
212;24/10/2023;Band;Encontro;14h-17h;20,5;27,5;18-24;Equilibrado;Grande BH;Domingo
213;28/12/2023;Record;Globo Repórter;09h-12h;30,5;34,1;45-54;Feminino;Grande Salvador;Quinta
214;15/12/2023;Globo;Saia Justa;12h-14h;30,0;22,9;45-54;Masculino;Grande RJ;Segunda
215;12/08/2024;Record;Big Brother Brasil;20h-22h;22,0;2,4;65+;Masculino;Nacional;Sábado
216;01/10/2024;Globo;Cidade Alerta;12h-14h;11,8;23,8;45-54;Feminino;Grande Salvador;Sexta
217;27/11/2024;Band;Jornal Nacional;22h-00h;28,7;17,0;45-54;Masculino;Grande BH;Terça
218;19/05/2023;Record;Jornal da Record;00h-06h;6,4;12,8;25-34;Masculino;Nacional;Terça
219;23/01/2024;GloboNews;Encontro;20h-22h;19,2;32,0;18-24;Masculino;Grande BH;Domingo
220;05/06/2023;RedeTV!;Encontro;14h-17h;1,9;1,5;65+;Masculino;Grande POA;Domingo
221;11/12/2023;GloboNews;Domingo Legal;12h-14h;39,4;24,8;18-24;Masculino;Grande RJ;Quarta
222;23/03/2024;SBT;Roda Viva;22h-00h;28,0;4,9;45-54;Equilibrado;Grande Salvador;Quarta
223;16/04/2023;Band;Jornal da Record;00h-06h;19,2;20,2;35-44;Masculino;Grande Recife;Terça
224;12/02/2023;Globo;Globo Repórter;17h-20h;30,4;1,5;45-54;Feminino;Grande RJ;Sábado
225;14/03/2024;Band;Encontro;12h-14h;20,0;30,4;25-34;Feminino;Grande SP;Domingo
226;28/05/2023;Band;Balanço Geral;17h-20h;14,9;12,4;25-34;Feminino;Nacional;Quarta
227;19/11/2024;Band;Mais Você;22h-00h;28,0;34,2;35-44;Equilibrado;Grande POA;Sexta
228;28/10/2023;RedeTV!;Altas Horas;12h-14h;8,2;28,6;55-64;Feminino;Grande Salvador;Quarta
229;04/05/2023;Globo;Encontro;22h-00h;28,5;11,4;45-54;Equilibrado;Grande RJ;Sexta
230;04/03/2024;SBT;Roda Viva;20h-22h;38,8;5,4;65+;Masculino;Nacional;Quinta
231;10/05/2023;GloboNews;The Voice Brasil;22h-00h;32,3;6,7;25-34;Equilibrado;Grande BH;Sábado
232;23/01/2023;RedeTV!;The Voice Brasil;14h-17h;12,3;30,8;25-34;Masculino;Grande RJ;Sexta
233;23/04/2023;SBT;Altas Horas;20h-22h;40,6;6,9;25-34;Feminino;Grande POA;Quinta
234;17/07/2024;GloboNews;Jornal Nacional;17h-20h;41,1;34,1;65+;Equilibrado;Grande POA;Domingo
235;21/05/2023;SBT;Globo Repórter;17h-20h;31,7;2,3;18-24;Masculino;Grande RJ;Sábado
236;17/09/2024;RedeTV!;Cidade Alerta;09h-12h;13,9;19,7;25-34;Masculino;Grande RJ;Quinta
237;22/10/2024;TV Cultura;Cidade Alerta;06h-09h;41,8;24,6;35-44;Feminino;Grande SP;Sábado
238;09/02/2024;Band;Roda Viva;00h-06h;1,5;7,3;65+;Masculino;Grande Salvador;Terça
239;16/06/2024;Band;Jornal da Record;06h-09h;6,0;34,6;25-34;Masculino;Nacional;Domingo
240;20/02/2023;TV Cultura;Encontro;17h-20h;6,6;28,7;55-64;Masculino;Grande RJ;Domingo
241;06/08/2023;Band;The Voice Brasil;22h-00h;2,0;27,8;25-34;Equilibrado;Grande Recife;Sexta
242;20/02/2024;Band;Big Brother Brasil;14h-17h;17,8;29,9;65+;Equilibrado;Grande BH;Sexta
243;20/10/2023;Band;Cidade Alerta;06h-09h;25,7;13,3;45-54;Feminino;Grande Recife;Sábado
244;23/02/2023;Globo;Jornal da Record;12h-14h;12,5;13,3;18-24;Equilibrado;Grande RJ;Quarta
245;21/02/2023;GloboNews;Jornal Nacional;09h-12h;5,8;11,9;45-54;Masculino;Grande POA;Quarta
246;27/06/2024;TV Cultura;Fantástico;06h-09h;10,5;18,6;55-64;Equilibrado;Grande Salvador;Domingo
247;06/02/2023;SBT;Caldeirão;09h-12h;3,7;2,6;25-34;Masculino;Grande BH;Quinta
248;30/01/2024;RedeTV!;Mais Você;09h-12h;31,2;29,3;25-34;Equilibrado;Grande Salvador;Sábado
249;16/04/2023;SBT;Jornal da Record;00h-06h;14,7;11,5;55-64;Masculino;Grande RJ;Segunda
250;01/10/2024;TV Cultura;Jornal Nacional;09h-12h;41,6;18,3;35-44;Feminino;Grande BH;Quinta
251;23/04/2023;Band;The Voice Brasil;17h-20h;2,6;33,7;55-64;Masculino;Grande RJ;Quinta
252;03/11/2024;Globo;Roda Viva;14h-17h;22,3;4,0;18-24;Masculino;Grande BH;Sexta
253;03/02/2024;Band;Altas Horas;09h-12h;4,7;20,2;45-54;Feminino;Grande BH;Sexta
254;30/12/2024;RedeTV!;Jornal da Record;14h-17h;8,0;2,8;18-24;Equilibrado;Grande BH;Domingo
255;29/01/2023;SBT;Jornal da Record;20h-22h;9,3;12,8;55-64;Masculino;Grande Recife;Quarta
256;08/03/2024;SBT;The Voice Brasil;12h-14h;25,0;9,0;25-34;Masculino;Grande Recife;Sábado
257;30/08/2024;GloboNews;Balanço Geral;17h-20h;8,0;14,3;25-34;Masculino;Grande POA;Domingo
258;18/12/2024;Band;Mais Você;06h-09h;3,9;11,9;35-44;Feminino;Grande POA;Sexta
259;11/05/2024;RedeTV!;Jornal da Record;06h-09h;36,9;27,3;18-24;Masculino;Nacional;Sexta
260;16/12/2023;Record;Balanço Geral;00h-06h;8,9;26,5;45-54;Equilibrado;Grande Recife;Domingo
261;24/10/2024;Record;Caldeirão;20h-22h;4,1;13,3;65+;Equilibrado;Grande SP;Terça
262;24/11/2023;Record;Saia Justa;17h-20h;19,8;33,9;18-24;Equilibrado;Grande POA;Domingo
263;15/07/2023;Globo;Faustão na Band;12h-14h;40,0;29,6;65+;Feminino;Nacional;Domingo
264;18/08/2023;RedeTV!;Balanço Geral;00h-06h;35,9;16,7;65+;Masculino;Grande SP;Domingo
265;28/05/2024;SBT;Cidade Alerta;20h-22h;6,6;25,8;65+;Equilibrado;Grande POA;Terça
266;02/01/2023;GloboNews;Fantástico;06h-09h;20,5;3,4;18-24;Masculino;Nacional;Terça
267;13/10/2023;Record;Jornal da Record;17h-20h;30,7;17,4;65+;Masculino;Grande BH;Sábado
268;05/11/2024;Band;The Voice Brasil;00h-06h;5,1;21,9;65+;Feminino;Grande SP;Sábado
269;16/08/2024;RedeTV!;Faustão na Band;09h-12h;17,6;25,0;45-54;Feminino;Nacional;Quinta
270;17/02/2024;GloboNews;The Voice Brasil;22h-00h;14,0;21,5;65+;Equilibrado;Grande POA;Sexta
271;29/08/2023;Record;Encontro;17h-20h;1,7;21,7;35-44;Masculino;Grande RJ;Domingo
272;16/10/2023;Record;Roda Viva;20h-22h;9,6;16,3;25-34;Equilibrado;Grande RJ;Terça
273;01/04/2023;RedeTV!;Big Brother Brasil;17h-20h;11,7;22,0;18-24;Feminino;Grande SP;Quarta
274;10/12/2024;SBT;Faustão na Band;14h-17h;19,5;26,8;35-44;Feminino;Nacional;Sábado
275;23/08/2024;Globo;Big Brother Brasil;20h-22h;2,6;24,7;18-24;Masculino;Grande POA;Sábado
276;05/06/2023;Band;Jornal Nacional;06h-09h;23,2;5,1;35-44;Equilibrado;Grande Recife;Sábado
277;02/08/2023;TV Cultura;Caldeirão;00h-06h;41,0;21,1;55-64;Masculino;Grande RJ;Quarta
278;23/10/2023;RedeTV!;Jornal da Record;20h-22h;22,6;3,6;25-34;Masculino;Grande BH;Sexta
279;17/02/2024;Band;Big Brother Brasil;17h-20h;17,9;34,0;65+;Equilibrado;Grande POA;Sábado
280;01/02/2024;GloboNews;Encontro;14h-17h;36,7;1,3;25-34;Masculino;Grande POA;Sábado
281;23/05/2023;GloboNews;Altas Horas;22h-00h;17,1;27,4;25-34;Feminino;Grande POA;Sexta
282;08/12/2023;SBT;Balanço Geral;00h-06h;30,5;10,5;18-24;Masculino;Grande Salvador;Sábado
283;22/11/2024;TV Cultura;Cidade Alerta;06h-09h;25,0;23,4;18-24;Feminino;Grande Salvador;Sábado
284;22/01/2024;GloboNews;Jornal Nacional;20h-22h;4,8;1,3;35-44;Feminino;Grande RJ;Domingo
285;27/05/2023;Band;Globo Repórter;22h-00h;43,0;7,5;18-24;Equilibrado;Grande Salvador;Sábado
286;22/07/2023;Record;Mais Você;22h-00h;38,2;31,9;45-54;Equilibrado;Grande Salvador;Domingo
287;25/07/2023;GloboNews;Jornal Nacional;09h-12h;40,9;2,5;18-24;Equilibrado;Grande SP;Sexta
288;01/09/2024;RedeTV!;Domingo Legal;09h-12h;25,3;18,5;65+;Masculino;Nacional;Quarta
289;28/06/2024;Globo;Balanço Geral;14h-17h;15,8;33,3;18-24;Feminino;Grande Recife;Sexta
290;04/07/2023;RedeTV!;Fantástico;14h-17h;3,2;9,6;25-34;Equilibrado;Grande POA;Quinta
291;10/03/2024;Globo;Domingo Legal;22h-00h;18,3;18,9;65+;Masculino;Grande Recife;Domingo
292;26/03/2023;Record;Cidade Alerta;22h-00h;23,9;12,5;55-64;Feminino;Nacional;Quinta
293;15/12/2024;SBT;The Voice Brasil;06h-09h;39,4;31,9;25-34;Masculino;Nacional;Domingo
294;01/04/2023;Globo;Saia Justa;14h-17h;30,7;26,1;18-24;Equilibrado;Grande POA;Quinta
295;27/07/2023;RedeTV!;The Voice Brasil;17h-20h;44,1;3,8;55-64;Masculino;Grande Salvador;Quarta
296;24/05/2023;TV Cultura;Altas Horas;14h-17h;21,9;14,6;35-44;Equilibrado;Grande SP;Domingo
297;17/04/2023;Band;Faustão na Band;22h-00h;22,1;30,4;55-64;Feminino;Grande POA;Quinta
298;09/05/2023;TV Cultura;Jornal da Record;22h-00h;41,8;15,4;55-64;Equilibrado;Grande Salvador;Quarta
299;26/01/2023;Globo;Roda Viva;12h-14h;21,2;14,4;55-64;Masculino;Grande RJ;Quinta
300;18/03/2024;Band;The Voice Brasil;06h-09h;26,1;24,2;45-54;Equilibrado;Grande POA;Segunda
301;09/02/2024;GloboNews;Mais Você;12h-14h;9,2;32,1;55-64;Equilibrado;Grande Salvador;Sexta
302;15/09/2024;Globo;The Voice Brasil;17h-20h;26,6;8,8;35-44;Equilibrado;Grande Recife;Segunda
303;19/05/2023;SBT;Mais Você;00h-06h;22,1;5,8;35-44;Equilibrado;Nacional;Quinta
304;25/01/2024;SBT;Jornal Nacional;14h-17h;41,1;13,2;65+;Equilibrado;Grande SP;Quarta
305;31/01/2023;Globo;Encontro;09h-12h;35,0;4,3;45-54;Feminino;Grande POA;Sexta
306;19/08/2024;Record;Big Brother Brasil;12h-14h;27,0;33,2;35-44;Feminino;Grande BH;Domingo
307;06/04/2023;RedeTV!;The Voice Brasil;09h-12h;29,5;29,5;35-44;Equilibrado;Grande POA;Segunda
308;27/02/2023;GloboNews;Saia Justa;06h-09h;1,2;21,3;35-44;Feminino;Grande Recife;Sábado
309;15/10/2024;Record;The Voice Brasil;00h-06h;16,4;16,5;18-24;Equilibrado;Grande RJ;Sábado
310;18/01/2023;GloboNews;Cidade Alerta;14h-17h;1,8;4,0;25-34;Feminino;Grande Salvador;Segunda
311;07/03/2023;TV Cultura;Roda Viva;06h-09h;22,7;6,4;18-24;Feminino;Grande Salvador;Sábado
312;07/09/2024;SBT;Cidade Alerta;12h-14h;8,1;29,9;45-54;Equilibrado;Grande RJ;Domingo
313;02/05/2023;TV Cultura;Jornal Nacional;22h-00h;8,4;1,9;45-54;Equilibrado;Grande RJ;Segunda
314;20/05/2023;GloboNews;Caldeirão;12h-14h;40,8;23,0;45-54;Masculino;Grande BH;Sábado
315;10/08/2024;Band;Saia Justa;14h-17h;21,7;27,8;65+;Feminino;Grande SP;Sábado
316;01/12/2023;Band;Big Brother Brasil;17h-20h;14,4;33,1;55-64;Feminino;Grande POA;Sábado
317;22/05/2024;SBT;Fantástico;22h-00h;24,9;17,5;25-34;Feminino;Grande Salvador;Quarta
318;17/09/2023;SBT;Domingo Legal;17h-20h;15,5;2,8;45-54;Equilibrado;Grande POA;Sexta
319;03/07/2024;TV Cultura;Altas Horas;20h-22h;41,8;18,2;65+;Equilibrado;Nacional;Quarta
320;02/06/2024;Record;Encontro;14h-17h;30,1;32,5;65+;Equilibrado;Grande POA;Sábado
321;13/06/2023;GloboNews;Altas Horas;00h-06h;10,5;34,3;35-44;Equilibrado;Grande BH;Terça
322;07/06/2023;Globo;The Voice Brasil;00h-06h;17,1;16,7;55-64;Equilibrado;Grande BH;Terça
323;12/06/2023;GloboNews;Altas Horas;14h-17h;29,9;22,9;35-44;Masculino;Nacional;Sábado
324;16/03/2024;RedeTV!;Mais Você;06h-09h;16,7;26,8;35-44;Feminino;Nacional;Segunda
325;05/01/2024;TV Cultura;Fantástico;12h-14h;24,4;14,3;25-34;Equilibrado;Nacional;Segunda
326;22/02/2023;Band;Jornal da Record;17h-20h;8,6;34,5;55-64;Masculino;Grande Recife;Segunda
327;14/12/2024;Band;The Voice Brasil;14h-17h;41,2;17,4;25-34;Equilibrado;Grande BH;Quarta
328;12/10/2024;GloboNews;Saia Justa;06h-09h;11,6;32,4;18-24;Feminino;Grande RJ;Quarta
329;26/07/2024;SBT;Globo Repórter;20h-22h;2,7;5,1;65+;Equilibrado;Grande SP;Quarta
330;18/12/2023;Globo;Balanço Geral;09h-12h;14,7;12,3;18-24;Masculino;Grande POA;Sexta
331;29/09/2023;GloboNews;Domingo Legal;14h-17h;34,0;21,9;35-44;Masculino;Grande SP;Domingo
332;13/04/2023;Globo;Cidade Alerta;14h-17h;29,9;20,4;35-44;Masculino;Grande POA;Quarta
333;09/07/2023;Band;Caldeirão;12h-14h;25,3;29,5;45-54;Masculino;Nacional;Sábado
334;19/12/2023;Globo;Fantástico;20h-22h;22,8;18,7;55-64;Equilibrado;Grande Salvador;Quarta
335;23/12/2023;SBT;Mais Você;09h-12h;12,4;26,6;18-24;Equilibrado;Nacional;Sábado
336;24/03/2023;RedeTV!;Domingo Legal;20h-22h;5,1;16,9;35-44;Feminino;Nacional;Quarta
337;17/11/2023;GloboNews;Domingo Legal;00h-06h;31,7;32,4;45-54;Masculino;Grande POA;Terça
338;10/07/2024;GloboNews;Globo Repórter;22h-00h;21,0;9,0;35-44;Feminino;Grande SP;Domingo
339;24/05/2023;GloboNews;Big Brother Brasil;20h-22h;37,5;13,4;45-54;Equilibrado;Grande Salvador;Domingo
340;20/06/2023;GloboNews;Altas Horas;17h-20h;39,9;6,5;45-54;Masculino;Grande Recife;Quarta
341;22/06/2024;Globo;The Voice Brasil;22h-00h;8,0;20,8;18-24;Feminino;Grande Recife;Terça
342;27/03/2023;RedeTV!;Altas Horas;14h-17h;1,9;29,6;55-64;Equilibrado;Grande BH;Segunda
343;22/03/2024;TV Cultura;Faustão na Band;06h-09h;14,7;1,6;35-44;Equilibrado;Grande Recife;Domingo
344;27/08/2024;RedeTV!;Cidade Alerta;12h-14h;41,2;24,8;45-54;Feminino;Grande RJ;Sábado
345;13/04/2023;Record;Jornal da Record;17h-20h;35,4;29,1;55-64;Equilibrado;Grande Recife;Segunda
346;12/11/2023;RedeTV!;Saia Justa;09h-12h;29,9;22,9;18-24;Masculino;Grande BH;Sexta
347;06/09/2023;Band;Encontro;20h-22h;3,0;23,9;55-64;Masculino;Nacional;Sábado
348;01/09/2023;Globo;Domingo Legal;17h-20h;6,8;13,0;35-44;Feminino;Grande POA;Quinta
349;09/07/2023;RedeTV!;Big Brother Brasil;09h-12h;32,6;10,6;18-24;Equilibrado;Grande BH;Sábado
350;22/09/2023;Record;Big Brother Brasil;14h-17h;29,5;9,1;55-64;Feminino;Grande RJ;Domingo
351;28/03/2023;Globo;Balanço Geral;00h-06h;22,3;23,9;18-24;Feminino;Grande SP;Quinta
352;31/05/2023;TV Cultura;Globo Repórter;00h-06h;27,6;13,9;35-44;Masculino;Grande POA;Terça
353;15/06/2023;RedeTV!;Globo Repórter;22h-00h;7,2;21,7;65+;Masculino;Grande Salvador;Sexta
354;15/05/2024;Record;Cidade Alerta;12h-14h;5,3;19,5;45-54;Equilibrado;Grande SP;Domingo
355;26/11/2023;Band;Jornal da Record;00h-06h;20,1;17,2;18-24;Feminino;Grande RJ;Sexta
356;10/06/2024;TV Cultura;The Voice Brasil;00h-06h;1,0;22,7;35-44;Equilibrado;Grande Salvador;Sexta
357;24/03/2023;SBT;Jornal da Record;06h-09h;12,2;11,5;18-24;Masculino;Grande SP;Terça
358;23/10/2024;Band;Domingo Legal;00h-06h;25,4;1,7;25-34;Equilibrado;Grande BH;Sábado
359;21/12/2023;Globo;Balanço Geral;20h-22h;23,1;16,1;45-54;Masculino;Grande RJ;Sábado
360;18/02/2023;SBT;Jornal Nacional;14h-17h;13,0;24,1;45-54;Equilibrado;Grande BH;Quarta
361;02/10/2024;Globo;Cidade Alerta;14h-17h;35,7;19,2;18-24;Masculino;Grande SP;Terça
362;16/07/2024;TV Cultura;Cidade Alerta;00h-06h;8,6;2,2;35-44;Masculino;Grande RJ;Terça
363;15/10/2023;Band;Fantástico;09h-12h;25,0;6,0;18-24;Masculino;Grande RJ;Sexta
364;04/11/2024;RedeTV!;Balanço Geral;20h-22h;36,0;6,5;55-64;Equilibrado;Grande RJ;Sábado
365;20/03/2023;GloboNews;Roda Viva;09h-12h;32,8;22,5;25-34;Feminino;Nacional;Segunda
366;01/09/2023;RedeTV!;Big Brother Brasil;00h-06h;44,6;26,0;55-64;Masculino;Grande POA;Sábado
367;06/06/2024;RedeTV!;Encontro;00h-06h;19,9;6,9;18-24;Masculino;Grande BH;Terça
368;24/03/2023;SBT;Globo Repórter;06h-09h;43,5;32,0;45-54;Masculino;Grande POA;Terça
369;03/10/2023;RedeTV!;Saia Justa;06h-09h;36,0;23,7;55-64;Feminino;Grande SP;Terça
370;10/08/2023;Band;Jornal Nacional;20h-22h;4,6;4,3;55-64;Masculino;Grande Recife;Quarta
371;20/10/2024;SBT;Saia Justa;17h-20h;42,1;15,0;45-54;Masculino;Grande Recife;Quinta
372;19/12/2023;SBT;Roda Viva;09h-12h;27,4;16,1;45-54;Masculino;Grande RJ;Quinta
373;01/04/2024;TV Cultura;Globo Repórter;22h-00h;34,0;29,7;25-34;Equilibrado;Grande BH;Quinta
374;20/04/2023;Record;Roda Viva;22h-00h;41,6;15,7;25-34;Masculino;Grande BH;Quarta
375;21/05/2024;Record;The Voice Brasil;09h-12h;9,6;29,7;55-64;Feminino;Grande Salvador;Quarta
376;17/02/2023;Record;Cidade Alerta;14h-17h;31,2;32,5;35-44;Equilibrado;Grande POA;Segunda
377;06/11/2023;SBT;Roda Viva;22h-00h;8,7;15,1;65+;Masculino;Grande SP;Quarta
378;27/11/2024;Globo;Big Brother Brasil;00h-06h;19,3;3,8;35-44;Masculino;Grande Salvador;Sábado
379;15/04/2023;SBT;Balanço Geral;17h-20h;23,5;4,4;45-54;Equilibrado;Grande Salvador;Quinta
380;01/08/2023;Band;Caldeirão;00h-06h;2,2;9,1;35-44;Feminino;Grande Recife;Sexta
381;01/02/2024;RedeTV!;Faustão na Band;06h-09h;10,5;19,5;25-34;Masculino;Grande SP;Quarta
382;08/07/2024;Record;Faustão na Band;14h-17h;18,7;8,3;18-24;Feminino;Grande Recife;Terça
383;29/05/2023;GloboNews;Globo Repórter;12h-14h;22,2;2,5;35-44;Equilibrado;Grande RJ;Quarta
384;07/03/2023;Globo;Caldeirão;06h-09h;17,6;32,8;25-34;Equilibrado;Grande SP;Segunda
385;10/07/2024;Band;Balanço Geral;12h-14h;23,6;10,2;18-24;Equilibrado;Grande RJ;Segunda
386;31/03/2023;RedeTV!;Globo Repórter;00h-06h;31,6;27,2;45-54;Equilibrado;Grande SP;Domingo
387;06/05/2024;SBT;The Voice Brasil;17h-20h;37,6;17,0;35-44;Equilibrado;Grande Recife;Quinta
388;01/10/2024;RedeTV!;Fantástico;20h-22h;8,1;30,5;18-24;Feminino;Grande SP;Segunda
389;13/10/2023;RedeTV!;Altas Horas;20h-22h;44,5;12,8;65+;Masculino;Grande Recife;Sexta
390;01/07/2024;TV Cultura;Globo Repórter;06h-09h;20,0;17,5;65+;Equilibrado;Nacional;Domingo
391;24/12/2024;SBT;Altas Horas;14h-17h;5,2;14,6;18-24;Masculino;Grande Recife;Quinta
392;11/01/2024;GloboNews;Saia Justa;00h-06h;37,0;26,2;45-54;Masculino;Grande POA;Sexta
393;09/11/2023;RedeTV!;Altas Horas;14h-17h;22,5;19,8;18-24;Masculino;Grande Recife;Domingo
394;05/08/2023;RedeTV!;Fantástico;22h-00h;24,3;33,2;65+;Masculino;Grande SP;Domingo
395;01/08/2023;TV Cultura;Jornal Nacional;00h-06h;4,4;34,7;35-44;Masculino;Nacional;Sábado
396;13/12/2024;Record;Globo Repórter;22h-00h;10,8;34,4;25-34;Feminino;Grande SP;Domingo
397;05/09/2023;Globo;Faustão na Band;20h-22h;12,8;1,8;18-24;Feminino;Grande Salvador;Sexta
398;27/02/2023;Record;Faustão na Band;12h-14h;27,5;26,4;35-44;Equilibrado;Nacional;Quarta
399;30/05/2024;Record;Mais Você;22h-00h;40,8;28,8;25-34;Equilibrado;Grande Recife;Sexta
400;15/07/2024;GloboNews;Globo Repórter;12h-14h;22,2;10,1;65+;Masculino;Grande Recife;Sábado
401;07/06/2023;Record;Mais Você;20h-22h;5,7;28,4;18-24;Equilibrado;Grande Salvador;Sábado
402;08/07/2023;SBT;Big Brother Brasil;17h-20h;37,6;30,4;25-34;Masculino;Nacional;Sábado
403;06/07/2023;TV Cultura;Jornal da Record;22h-00h;36,7;4,7;55-64;Feminino;Grande RJ;Sexta
404;04/09/2024;SBT;Saia Justa;17h-20h;5,3;7,7;55-64;Feminino;Grande BH;Terça
405;07/04/2023;SBT;Roda Viva;14h-17h;35,1;21,3;18-24;Feminino;Grande Recife;Quinta
406;17/06/2024;TV Cultura;Mais Você;06h-09h;29,6;15,3;65+;Feminino;Grande BH;Domingo
407;16/08/2024;RedeTV!;The Voice Brasil;12h-14h;28,7;32,1;18-24;Equilibrado;Grande Salvador;Sexta
408;11/09/2024;GloboNews;Balanço Geral;09h-12h;21,3;22,4;25-34;Feminino;Grande Salvador;Domingo
409;06/04/2023;Band;Roda Viva;09h-12h;3,9;7,6;55-64;Feminino;Grande RJ;Quinta
410;08/04/2024;Globo;Faustão na Band;12h-14h;6,3;23,2;65+;Feminino;Grande SP;Sábado
411;04/07/2023;SBT;Cidade Alerta;12h-14h;29,4;25,9;35-44;Masculino;Grande Salvador;Sexta
412;21/06/2024;GloboNews;Domingo Legal;06h-09h;19,1;32,0;25-34;Equilibrado;Grande RJ;Quinta
413;17/11/2023;SBT;Jornal Nacional;09h-12h;40,2;3,9;35-44;Feminino;Grande BH;Terça
414;31/10/2023;GloboNews;Caldeirão;12h-14h;30,5;23,6;25-34;Equilibrado;Grande BH;Terça
415;12/01/2024;Globo;Encontro;00h-06h;19,1;24,7;18-24;Masculino;Grande Salvador;Sábado
416;11/06/2024;Band;Big Brother Brasil;20h-22h;19,3;10,0;55-64;Equilibrado;Grande BH;Segunda
417;13/11/2023;Band;Saia Justa;14h-17h;28,3;21,9;18-24;Masculino;Grande POA;Segunda
418;24/11/2023;SBT;Cidade Alerta;17h-20h;37,9;34,7;65+;Equilibrado;Grande Recife;Segunda
419;04/06/2024;GloboNews;Balanço Geral;22h-00h;38,8;23,5;18-24;Masculino;Grande Salvador;Terça
420;22/11/2023;Band;Mais Você;17h-20h;9,0;20,4;25-34;Masculino;Grande Salvador;Terça
421;05/09/2023;Band;Roda Viva;22h-00h;20,0;23,4;45-54;Equilibrado;Grande RJ;Domingo
422;21/06/2023;RedeTV!;Saia Justa;14h-17h;11,2;13,7;55-64;Feminino;Grande SP;Domingo
423;08/03/2023;TV Cultura;Jornal da Record;06h-09h;37,8;27,9;35-44;Masculino;Grande BH;Sábado
424;08/10/2024;GloboNews;Cidade Alerta;17h-20h;1,1;15,2;25-34;Equilibrado;Grande Salvador;Terça
425;04/10/2023;Band;Jornal da Record;14h-17h;36,5;23,8;55-64;Equilibrado;Grande RJ;Terça
426;21/09/2023;Record;Faustão na Band;20h-22h;5,5;33,5;55-64;Feminino;Grande POA;Sexta
427;18/09/2023;TV Cultura;Fantástico;22h-00h;35,1;13,0;35-44;Masculino;Grande BH;Terça
428;29/07/2024;Record;Roda Viva;12h-14h;25,4;12,4;45-54;Feminino;Grande RJ;Quarta
429;23/01/2023;RedeTV!;Saia Justa;12h-14h;43,9;29,9;65+;Equilibrado;Nacional;Sexta
430;18/01/2024;RedeTV!;Caldeirão;00h-06h;38,1;30,4;25-34;Equilibrado;Grande POA;Domingo
431;11/09/2024;GloboNews;Altas Horas;17h-20h;15,4;11,6;18-24;Feminino;Grande POA;Quarta
432;15/02/2023;SBT;The Voice Brasil;09h-12h;36,3;18,5;18-24;Masculino;Nacional;Sexta
433;25/08/2024;SBT;Caldeirão;12h-14h;25,2;33,3;25-34;Feminino;Grande BH;Sábado
434;17/09/2024;TV Cultura;Roda Viva;22h-00h;23,7;15,5;45-54;Equilibrado;Grande Recife;Sexta
435;16/08/2024;SBT;The Voice Brasil;06h-09h;19,0;4,2;65+;Equilibrado;Grande SP;Domingo
436;19/03/2024;RedeTV!;Fantástico;09h-12h;38,2;21,9;18-24;Masculino;Grande SP;Domingo
437;09/08/2023;GloboNews;Caldeirão;00h-06h;5,5;14,0;35-44;Feminino;Grande POA;Sábado
438;30/11/2023;Globo;Mais Você;09h-12h;24,9;17,9;18-24;Equilibrado;Grande SP;Quinta
439;18/05/2024;TV Cultura;Encontro;17h-20h;25,8;25,5;25-34;Masculino;Grande BH;Sábado
440;01/08/2023;SBT;Altas Horas;20h-22h;1,8;34,2;35-44;Feminino;Nacional;Segunda
441;23/10/2024;SBT;Altas Horas;22h-00h;38,7;20,4;25-34;Feminino;Grande BH;Quarta
442;16/02/2023;Record;Caldeirão;12h-14h;36,0;15,5;45-54;Equilibrado;Grande Recife;Sexta
443;21/06/2023;SBT;The Voice Brasil;09h-12h;14,2;1,6;25-34;Feminino;Grande SP;Domingo
444;29/11/2024;GloboNews;Domingo Legal;20h-22h;39,3;35,0;45-54;Equilibrado;Grande RJ;Domingo
445;21/01/2024;GloboNews;Encontro;09h-12h;28,7;26,7;25-34;Equilibrado;Grande Salvador;Quarta
446;09/08/2024;Record;Altas Horas;06h-09h;30,5;7,3;55-64;Feminino;Grande RJ;Segunda
447;28/03/2023;Globo;Big Brother Brasil;12h-14h;20,3;20,4;55-64;Feminino;Grande SP;Domingo
448;17/09/2024;TV Cultura;Jornal da Record;06h-09h;34,4;22,7;55-64;Feminino;Grande RJ;Domingo
449;26/12/2024;Band;The Voice Brasil;20h-22h;24,1;26,7;18-24;Masculino;Grande POA;Quarta
450;29/02/2024;Record;Fantástico;14h-17h;33,9;7,9;35-44;Equilibrado;Grande BH;Terça
451;05/10/2024;RedeTV!;Caldeirão;22h-00h;23,4;21,1;65+;Equilibrado;Grande Salvador;Terça
452;27/08/2023;Globo;Big Brother Brasil;12h-14h;9,6;13,3;65+;Feminino;Grande SP;Quinta
453;18/02/2023;Band;Domingo Legal;09h-12h;40,0;10,9;35-44;Feminino;Grande POA;Quinta
454;27/06/2023;TV Cultura;Altas Horas;12h-14h;18,1;33,0;45-54;Equilibrado;Grande BH;Sábado
455;12/02/2023;RedeTV!;Faustão na Band;00h-06h;12,7;17,6;35-44;Equilibrado;Grande BH;Sábado
456;21/10/2023;TV Cultura;Domingo Legal;17h-20h;37,9;25,1;25-34;Equilibrado;Grande BH;Domingo
457;14/07/2023;Band;The Voice Brasil;17h-20h;39,6;30,5;25-34;Feminino;Grande POA;Quinta
458;05/03/2024;RedeTV!;Faustão na Band;17h-20h;2,1;30,6;18-24;Feminino;Grande POA;Quinta
459;30/12/2023;Globo;Encontro;00h-06h;16,4;10,8;18-24;Feminino;Nacional;Quinta
460;01/08/2023;TV Cultura;Jornal da Record;06h-09h;28,4;2,5;18-24;Equilibrado;Grande Salvador;Segunda
461;07/08/2024;GloboNews;Caldeirão;06h-09h;36,0;13,4;35-44;Equilibrado;Grande Recife;Terça
462;05/09/2023;TV Cultura;Encontro;17h-20h;16,1;18,6;35-44;Equilibrado;Grande Salvador;Quinta
463;10/01/2024;Record;Mais Você;12h-14h;41,2;30,3;25-34;Feminino;Grande POA;Segunda
464;08/10/2024;TV Cultura;Jornal Nacional;06h-09h;12,5;1,5;55-64;Equilibrado;Grande SP;Segunda
465;03/03/2023;TV Cultura;Domingo Legal;17h-20h;26,7;26,5;35-44;Feminino;Grande SP;Segunda
466;06/09/2024;TV Cultura;Roda Viva;20h-22h;44,7;3,5;18-24;Equilibrado;Grande BH;Sexta
467;09/08/2023;TV Cultura;The Voice Brasil;17h-20h;18,7;3,1;65+;Feminino;Grande POA;Quinta
468;11/03/2024;Globo;Altas Horas;00h-06h;30,4;10,2;45-54;Equilibrado;Grande Recife;Quinta
469;14/02/2024;TV Cultura;Roda Viva;12h-14h;32,2;1,0;35-44;Equilibrado;Grande RJ;Quarta
470;18/02/2024;SBT;Saia Justa;06h-09h;24,2;21,8;35-44;Equilibrado;Grande RJ;Sábado
471;27/08/2023;TV Cultura;Domingo Legal;06h-09h;33,1;20,3;25-34;Feminino;Grande POA;Quarta
472;18/01/2023;SBT;Caldeirão;00h-06h;30,9;22,0;45-54;Masculino;Grande RJ;Segunda
473;17/09/2023;Globo;Saia Justa;09h-12h;10,5;3,5;45-54;Feminino;Grande SP;Quarta
474;11/05/2024;SBT;The Voice Brasil;14h-17h;10,4;20,9;18-24;Feminino;Grande POA;Sábado
475;27/05/2024;SBT;Balanço Geral;17h-20h;21,0;30,3;25-34;Masculino;Grande RJ;Quarta
476;12/09/2024;SBT;Encontro;09h-12h;1,7;31,5;65+;Masculino;Grande Salvador;Terça
477;31/05/2024;Band;Domingo Legal;20h-22h;44,7;19,0;65+;Equilibrado;Grande Salvador;Domingo
478;21/02/2024;Band;Encontro;00h-06h;22,1;3,8;18-24;Masculino;Grande BH;Segunda
479;01/06/2024;TV Cultura;Jornal da Record;06h-09h;7,2;18,2;25-34;Feminino;Grande POA;Domingo
480;22/11/2023;RedeTV!;Big Brother Brasil;20h-22h;10,2;22,0;55-64;Equilibrado;Grande BH;Sábado
481;21/06/2023;TV Cultura;Globo Repórter;00h-06h;25,2;11,8;55-64;Equilibrado;Grande SP;Domingo
482;14/08/2024;RedeTV!;Encontro;09h-12h;41,3;34,0;55-64;Feminino;Grande BH;Quarta
483;15/06/2024;GloboNews;Globo Repórter;22h-00h;21,3;26,6;25-34;Masculino;Grande Recife;Terça
484;10/04/2023;RedeTV!;Domingo Legal;17h-20h;24,4;33,4;18-24;Equilibrado;Grande Salvador;Domingo
485;12/02/2023;TV Cultura;Fantástico;14h-17h;43,3;2,7;35-44;Feminino;Grande RJ;Quarta
486;11/05/2023;TV Cultura;Balanço Geral;17h-20h;41,2;4,0;55-64;Feminino;Grande Recife;Quinta
487;05/09/2023;GloboNews;Fantástico;09h-12h;8,6;18,3;25-34;Feminino;Grande RJ;Quarta
488;03/04/2023;Globo;Encontro;22h-00h;4,9;9,1;35-44;Equilibrado;Grande BH;Quarta
489;20/07/2023;GloboNews;Fantástico;09h-12h;15,1;1,8;18-24;Feminino;Grande BH;Segunda
490;05/04/2024;Band;Big Brother Brasil;09h-12h;40,3;21,8;65+;Feminino;Grande BH;Sexta
491;16/07/2024;SBT;Mais Você;20h-22h;21,1;26,1;65+;Feminino;Grande RJ;Sábado
492;09/11/2023;SBT;Encontro;09h-12h;35,5;26,1;25-34;Equilibrado;Grande Recife;Segunda
493;25/05/2023;Band;Caldeirão;20h-22h;7,7;14,9;65+;Masculino;Grande Recife;Sábado
494;16/04/2023;Globo;Altas Horas;09h-12h;41,4;26,3;65+;Feminino;Grande Salvador;Sexta
495;06/04/2023;Globo;Fantástico;12h-14h;8,0;9,1;65+;Masculino;Grande POA;Sexta
496;25/05/2023;Band;Cidade Alerta;12h-14h;31,2;22,3;45-54;Feminino;Grande Salvador;Quinta
497;24/06/2023;TV Cultura;Roda Viva;22h-00h;43,0;1,6;25-34;Equilibrado;Grande BH;Quinta
498;09/08/2024;GloboNews;Big Brother Brasil;06h-09h;1,5;20,1;25-34;Equilibrado;Nacional;Sábado
499;10/10/2024;TV Cultura;Saia Justa;00h-06h;6,7;5,1;65+;Feminino;Grande SP;Sábado
500;26/07/2023;Record;Cidade Alerta;06h-09h;3,1;22,8;45-54;Feminino;Grande Recife;Quarta
