ID;Municipio;UF;Ano;Indicador;Valor;Populacao_Base;Fonte;Periodo_Referencia
1;Recife;AM;2022;COVID-19 - Casos Acumulados;6858;1136345;DATASUS/TABNET;Jan-Dez/2022
2;Goiânia;AL;2019;Médicos por 1000 hab;5,91;3795438;DATASUS/TABNET;Jan-Dez/2019
3;Manaus;SC;2021;UTIs Disponíveis;49814;3721164;DATASUS/TABNET;Jan-Dez/2021
4;Maceió;DF;2023;Internações SUS;2436;2512997;DATASUS/TABNET;Jan-Dez/2023
5;Aparecida de Goiânia;DF;2022;COVID-19 - Casos Acumulados;22116;1798201;DATASUS/TABNET;Jan-Dez/2022
6;Feira de Santana;AC;2020;Cobertura ESF %;65,51;2578873;DATASUS/TABNET;Jan-Dez/2020
7;São José dos Campos;AM;2020;Óbitos por Causas Externas;11553;892708;DATASUS/TABNET;Jan-Dez/2020
8;Brasília;MA;2019;UTIs Disponíveis;44773;3361685;DATASUS/TABNET;Jan-Dez/2019
9;São José dos Campos;BA;2021;Taxa de Mortalidade Infantil;58,61;2790048;DATASUS/TABNET;Jan-Dez/2021
10;Manaus;BA;2023;Óbitos por Causas Externas;24623;1130514;DATASUS/TABNET;Jan-Dez/2023
11;Rio de Janeiro;TO;2023;Internações SUS;45926;3126330;DATASUS/TABNET;Jan-Dez/2023
12;Aracaju;SC;2022;Cobertura Vacinal;80,37;60368;DATASUS/TABNET;Jan-Dez/2022
13;Campinas;RR;2023;Médicos por 1000 hab;3,09;4944407;DATASUS/TABNET;Jan-Dez/2023
14;Uberlândia;TO;2019;Cobertura Vacinal;26,28;3856199;DATASUS/TABNET;Jan-Dez/2019
15;Recife;BA;2021;Internações SUS;27788;3061645;DATASUS/TABNET;Jan-Dez/2021
16;Juiz de Fora;MT;2023;Dengue - Casos;25396;2624842;DATASUS/TABNET;Jan-Dez/2023
17;Manaus;DF;2019;Óbitos por Causas Externas;4921;1360053;DATASUS/TABNET;Jan-Dez/2019
18;Rio de Janeiro;BA;2022;Taxa de Mortalidade Infantil;44,29;3085187;DATASUS/TABNET;Jan-Dez/2022
19;Belém;PR;2020;UTIs Disponíveis;32440;2381452;DATASUS/TABNET;Jan-Dez/2020
20;Salvador;CE;2023;Médicos por 1000 hab;0,96;766165;DATASUS/TABNET;Jan-Dez/2023
21;Osasco;PA;2023;Taxa de Mortalidade Infantil;43,35;1140415;DATASUS/TABNET;Jan-Dez/2023
22;Manaus;MA;2023;Cobertura Vacinal;36,84;2239945;DATASUS/TABNET;Jan-Dez/2023
23;Belém;TO;2019;Internações SUS;45963;2444576;DATASUS/TABNET;Jan-Dez/2019
24;Belo Horizonte;ES;2019;Cobertura Vacinal;6,57;3096631;DATASUS/TABNET;Jan-Dez/2019
25;Niterói;PR;2023;Cobertura ESF %;39,28;2635866;DATASUS/TABNET;Jan-Dez/2023
26;Fortaleza;MS;2022;Médicos por 1000 hab;5,58;2969505;DATASUS/TABNET;Jan-Dez/2022
27;Cuiabá;MA;2022;Leitos por 1000 hab;7,59;2157899;DATASUS/TABNET;Jan-Dez/2022
28;Joinville;TO;2019;Leitos por 1000 hab;6,78;2156375;DATASUS/TABNET;Jan-Dez/2019
29;Sorocaba;PA;2019;Cobertura Vacinal;9,1;548270;DATASUS/TABNET;Jan-Dez/2019
30;Recife;SE;2023;Cobertura Vacinal;8,6;273517;DATASUS/TABNET;Jan-Dez/2023
31;Santos;PI;2020;Cobertura Vacinal;46,79;2366681;DATASUS/TABNET;Jan-Dez/2020
32;Brasília;PR;2020;COVID-19 - Casos Acumulados;33844;407551;DATASUS/TABNET;Jan-Dez/2020
33;Feira de Santana;AC;2023;Cobertura Vacinal;80,55;3122276;DATASUS/TABNET;Jan-Dez/2023
34;Londrina;AM;2020;Médicos por 1000 hab;0,73;957493;DATASUS/TABNET;Jan-Dez/2020
35;Vitória;RR;2019;Cobertura ESF %;12,85;4314458;DATASUS/TABNET;Jan-Dez/2019
36;Belo Horizonte;PA;2022;Cobertura Vacinal;27,92;3925085;DATASUS/TABNET;Jan-Dez/2022
37;São Luís;MT;2019;Taxa de Mortalidade Infantil;80,61;2463614;DATASUS/TABNET;Jan-Dez/2019
38;Cuiabá;PE;2021;Cobertura ESF %;32,92;3410620;DATASUS/TABNET;Jan-Dez/2021
39;Goiânia;AM;2020;Taxa de Mortalidade Infantil;6,62;3699850;DATASUS/TABNET;Jan-Dez/2020
40;Goiânia;MS;2023;UTIs Disponíveis;44336;3030753;DATASUS/TABNET;Jan-Dez/2023
41;Londrina;PA;2022;Médicos por 1000 hab;2,4;299007;DATASUS/TABNET;Jan-Dez/2022
42;Campinas;AM;2023;Taxa de Mortalidade Infantil;36,04;1730788;DATASUS/TABNET;Jan-Dez/2023
43;Niterói;CE;2022;Óbitos por Causas Externas;28680;3351958;DATASUS/TABNET;Jan-Dez/2022
44;Osasco;TO;2020;Cobertura Vacinal;37,85;587496;DATASUS/TABNET;Jan-Dez/2020
45;São José dos Campos;ES;2020;Cobertura ESF %;6,77;533023;DATASUS/TABNET;Jan-Dez/2020
46;Natal;MG;2022;COVID-19 - Casos Acumulados;6574;2655512;DATASUS/TABNET;Jan-Dez/2022
47;Vitória;RS;2023;Taxa de Mortalidade Infantil;75,22;1027101;DATASUS/TABNET;Jan-Dez/2023
48;Salvador;PB;2023;Cobertura ESF %;66,99;1092900;DATASUS/TABNET;Jan-Dez/2023
49;Campo Grande;AL;2019;Óbitos por Causas Externas;38385;2029308;DATASUS/TABNET;Jan-Dez/2019
50;Feira de Santana;SP;2023;Cobertura Vacinal;81,31;4772121;DATASUS/TABNET;Jan-Dez/2023
51;Natal;RJ;2019;Dengue - Casos;16347;601792;DATASUS/TABNET;Jan-Dez/2019
52;Florianópolis;SE;2020;Taxa de Mortalidade Infantil;28,76;4259705;DATASUS/TABNET;Jan-Dez/2020
53;Belo Horizonte;SE;2023;Óbitos por Causas Externas;42384;4218348;DATASUS/TABNET;Jan-Dez/2023
54;Niterói;SE;2023;UTIs Disponíveis;32307;1926369;DATASUS/TABNET;Jan-Dez/2023
55;Fortaleza;DF;2022;Médicos por 1000 hab;3,79;1058964;DATASUS/TABNET;Jan-Dez/2022
56;Santos;MG;2023;UTIs Disponíveis;49155;2504641;DATASUS/TABNET;Jan-Dez/2023
57;Curitiba;PA;2022;Cobertura Vacinal;18,8;4118100;DATASUS/TABNET;Jan-Dez/2022
58;João Pessoa;AL;2022;Cobertura ESF %;58,1;2132403;DATASUS/TABNET;Jan-Dez/2022
59;São Luís;TO;2020;Dengue - Casos;28642;1585243;DATASUS/TABNET;Jan-Dez/2020
60;Campinas;SC;2023;Médicos por 1000 hab;4,96;4939417;DATASUS/TABNET;Jan-Dez/2023
61;Aparecida de Goiânia;AM;2023;Cobertura ESF %;80,05;611999;DATASUS/TABNET;Jan-Dez/2023
62;Campo Grande;CE;2022;Leitos por 1000 hab;0,7;3969732;DATASUS/TABNET;Jan-Dez/2022
63;Salvador;PE;2022;UTIs Disponíveis;11251;936601;DATASUS/TABNET;Jan-Dez/2022
64;Brasília;PA;2019;Leitos por 1000 hab;5,46;280094;DATASUS/TABNET;Jan-Dez/2019
65;Campo Grande;AM;2023;Cobertura Vacinal;26,87;4844613;DATASUS/TABNET;Jan-Dez/2023
66;Ribeirão Preto;RN;2023;Médicos por 1000 hab;3,86;1279819;DATASUS/TABNET;Jan-Dez/2023
67;Recife;AP;2022;Taxa de Mortalidade Infantil;72,98;4558892;DATASUS/TABNET;Jan-Dez/2022
68;Ribeirão Preto;RS;2023;Óbitos por Causas Externas;43361;4313237;DATASUS/TABNET;Jan-Dez/2023
69;Rio de Janeiro;TO;2019;UTIs Disponíveis;26158;2231337;DATASUS/TABNET;Jan-Dez/2019
70;Teresina;PI;2020;Leitos por 1000 hab;6,18;3835706;DATASUS/TABNET;Jan-Dez/2020
71;Aracaju;PE;2023;Internações SUS;37436;3743953;DATASUS/TABNET;Jan-Dez/2023
72;Ribeirão Preto;MS;2022;Taxa de Mortalidade Infantil;55,14;567698;DATASUS/TABNET;Jan-Dez/2022
73;Rio de Janeiro;GO;2023;Taxa de Mortalidade Infantil;43,95;2736016;DATASUS/TABNET;Jan-Dez/2023
74;Joinville;RO;2019;Leitos por 1000 hab;6,82;3239767;DATASUS/TABNET;Jan-Dez/2019
75;Aparecida de Goiânia;AP;2021;Médicos por 1000 hab;3,52;754915;DATASUS/TABNET;Jan-Dez/2021
76;Belém;PE;2022;Médicos por 1000 hab;2,53;1437051;DATASUS/TABNET;Jan-Dez/2022
77;Osasco;PI;2023;Leitos por 1000 hab;3,98;3339211;DATASUS/TABNET;Jan-Dez/2023
78;Maringá;RO;2022;Taxa de Mortalidade Infantil;29,84;4989562;DATASUS/TABNET;Jan-Dez/2022
79;Aracaju;ES;2019;Óbitos por Causas Externas;5805;4923569;DATASUS/TABNET;Jan-Dez/2019
80;Osasco;AM;2021;COVID-19 - Casos Acumulados;2894;4196954;DATASUS/TABNET;Jan-Dez/2021
81;Juiz de Fora;RS;2020;Leitos por 1000 hab;4,16;4690673;DATASUS/TABNET;Jan-Dez/2020
82;Juiz de Fora;ES;2021;COVID-19 - Casos Acumulados;23212;947655;DATASUS/TABNET;Jan-Dez/2021
83;Sorocaba;RJ;2022;Leitos por 1000 hab;2,7;428893;DATASUS/TABNET;Jan-Dez/2022
84;Santos;RR;2021;Médicos por 1000 hab;3,32;4636877;DATASUS/TABNET;Jan-Dez/2021
85;Maceió;SC;2021;Médicos por 1000 hab;3,72;2278389;DATASUS/TABNET;Jan-Dez/2021
86;Londrina;PE;2021;Leitos por 1000 hab;0,99;147435;DATASUS/TABNET;Jan-Dez/2021
87;Porto Alegre;PI;2021;Cobertura Vacinal;40,89;1390560;DATASUS/TABNET;Jan-Dez/2021
88;Aracaju;RJ;2020;COVID-19 - Casos Acumulados;18046;4601823;DATASUS/TABNET;Jan-Dez/2020
89;Feira de Santana;BA;2019;UTIs Disponíveis;37619;1912292;DATASUS/TABNET;Jan-Dez/2019
90;Natal;PI;2022;UTIs Disponíveis;45668;4259477;DATASUS/TABNET;Jan-Dez/2022
91;São Luís;RN;2019;COVID-19 - Casos Acumulados;9018;2218720;DATASUS/TABNET;Jan-Dez/2019
92;Niterói;PR;2020;UTIs Disponíveis;29184;4879743;DATASUS/TABNET;Jan-Dez/2020
93;Fortaleza;PA;2019;Médicos por 1000 hab;6,75;798111;DATASUS/TABNET;Jan-Dez/2019
94;Teresina;AP;2020;Cobertura Vacinal;59,54;2132766;DATASUS/TABNET;Jan-Dez/2020
95;Aracaju;RO;2023;Leitos por 1000 hab;7,99;1766066;DATASUS/TABNET;Jan-Dez/2023
96;Santos;AM;2020;Internações SUS;31146;3469469;DATASUS/TABNET;Jan-Dez/2020
97;São Paulo;MT;2020;Internações SUS;2879;2185005;DATASUS/TABNET;Jan-Dez/2020
98;Florianópolis;PI;2023;Cobertura Vacinal;42,26;233969;DATASUS/TABNET;Jan-Dez/2023
99;Belém;MS;2021;Óbitos por Causas Externas;32489;1263366;DATASUS/TABNET;Jan-Dez/2021
100;Campo Grande;AM;2023;Cobertura Vacinal;44,89;314793;DATASUS/TABNET;Jan-Dez/2023
101;Guarulhos;RR;2021;Óbitos por Causas Externas;1861;4808180;DATASUS/TABNET;Jan-Dez/2021
102;Santos;MG;2019;Cobertura ESF %;75,27;4112096;DATASUS/TABNET;Jan-Dez/2019
103;Fortaleza;SP;2023;Leitos por 1000 hab;5,75;4565085;DATASUS/TABNET;Jan-Dez/2023
104;Aparecida de Goiânia;SP;2023;Taxa de Mortalidade Infantil;55,84;73920;DATASUS/TABNET;Jan-Dez/2023
105;Niterói;PB;2023;Leitos por 1000 hab;1,23;717896;DATASUS/TABNET;Jan-Dez/2023
106;Londrina;GO;2022;UTIs Disponíveis;6864;1949802;DATASUS/TABNET;Jan-Dez/2022
107;Florianópolis;RN;2020;COVID-19 - Casos Acumulados;41074;3208577;DATASUS/TABNET;Jan-Dez/2020
108;Campo Grande;PI;2022;Médicos por 1000 hab;5,47;2138560;DATASUS/TABNET;Jan-Dez/2022
109;Maringá;MG;2023;UTIs Disponíveis;28868;2664022;DATASUS/TABNET;Jan-Dez/2023
110;Ribeirão Preto;MG;2023;Óbitos por Causas Externas;45143;807456;DATASUS/TABNET;Jan-Dez/2023
111;Florianópolis;MT;2023;Óbitos por Causas Externas;20559;463562;DATASUS/TABNET;Jan-Dez/2023
112;Recife;AM;2023;Leitos por 1000 hab;5,92;1564826;DATASUS/TABNET;Jan-Dez/2023
113;Salvador;RO;2022;Dengue - Casos;16157;3250169;DATASUS/TABNET;Jan-Dez/2022
114;Belo Horizonte;MS;2019;Cobertura Vacinal;49,13;3594037;DATASUS/TABNET;Jan-Dez/2019
115;Salvador;ES;2023;UTIs Disponíveis;49339;4707685;DATASUS/TABNET;Jan-Dez/2023
116;Niterói;DF;2022;Dengue - Casos;16299;3495952;DATASUS/TABNET;Jan-Dez/2022
117;Manaus;AM;2023;Médicos por 1000 hab;2,45;3173820;DATASUS/TABNET;Jan-Dez/2023
118;Salvador;MG;2022;Taxa de Mortalidade Infantil;9,57;4851637;DATASUS/TABNET;Jan-Dez/2022
119;Teresina;SE;2020;Óbitos por Causas Externas;34767;4918445;DATASUS/TABNET;Jan-Dez/2020
120;Campo Grande;CE;2019;Óbitos por Causas Externas;24673;3196102;DATASUS/TABNET;Jan-Dez/2019
121;Natal;SE;2023;Médicos por 1000 hab;3,76;4223361;DATASUS/TABNET;Jan-Dez/2023
122;Santos;AL;2021;COVID-19 - Casos Acumulados;17189;1407522;DATASUS/TABNET;Jan-Dez/2021
123;São Paulo;TO;2021;Dengue - Casos;27770;3105026;DATASUS/TABNET;Jan-Dez/2021
124;Uberlândia;SP;2022;Dengue - Casos;35236;294814;DATASUS/TABNET;Jan-Dez/2022
125;Aparecida de Goiânia;PB;2021;Dengue - Casos;14475;1663024;DATASUS/TABNET;Jan-Dez/2021
126;Ribeirão Preto;SE;2023;Taxa de Mortalidade Infantil;44,54;2084376;DATASUS/TABNET;Jan-Dez/2023
127;Cuiabá;GO;2022;COVID-19 - Casos Acumulados;8582;1596233;DATASUS/TABNET;Jan-Dez/2022
128;Santos;MT;2021;Taxa de Mortalidade Infantil;15,08;2851812;DATASUS/TABNET;Jan-Dez/2021
129;Aracaju;ES;2019;Taxa de Mortalidade Infantil;69,62;3619316;DATASUS/TABNET;Jan-Dez/2019
130;Belém;CE;2019;Leitos por 1000 hab;1,64;1568706;DATASUS/TABNET;Jan-Dez/2019
131;Londrina;PA;2022;Cobertura ESF %;33,89;1176896;DATASUS/TABNET;Jan-Dez/2022
132;Florianópolis;RN;2019;COVID-19 - Casos Acumulados;1828;919532;DATASUS/TABNET;Jan-Dez/2019
133;Brasília;CE;2021;Cobertura Vacinal;13,58;4272493;DATASUS/TABNET;Jan-Dez/2021
134;Campo Grande;PI;2023;COVID-19 - Casos Acumulados;3940;101332;DATASUS/TABNET;Jan-Dez/2023
135;Feira de Santana;AC;2019;Cobertura ESF %;59,76;3372567;DATASUS/TABNET;Jan-Dez/2019
136;Joinville;RR;2022;UTIs Disponíveis;8388;1693192;DATASUS/TABNET;Jan-Dez/2022
137;Brasília;CE;2023;Médicos por 1000 hab;7,12;3056182;DATASUS/TABNET;Jan-Dez/2023
138;Londrina;SE;2019;Óbitos por Causas Externas;29246;1181707;DATASUS/TABNET;Jan-Dez/2019
139;Santos;SE;2021;Leitos por 1000 hab;5,29;3615059;DATASUS/TABNET;Jan-Dez/2021
140;Fortaleza;BA;2019;Leitos por 1000 hab;0,9;4485576;DATASUS/TABNET;Jan-Dez/2019
141;Campo Grande;ES;2022;Dengue - Casos;14950;3657803;DATASUS/TABNET;Jan-Dez/2022
142;Aracaju;RR;2023;COVID-19 - Casos Acumulados;49329;4515171;DATASUS/TABNET;Jan-Dez/2023
143;Salvador;PB;2023;Dengue - Casos;41661;1466027;DATASUS/TABNET;Jan-Dez/2023
144;Cuiabá;GO;2023;Leitos por 1000 hab;2,82;1085203;DATASUS/TABNET;Jan-Dez/2023
145;Juiz de Fora;RR;2020;UTIs Disponíveis;21263;2174144;DATASUS/TABNET;Jan-Dez/2020
146;Cuiabá;SE;2021;Taxa de Mortalidade Infantil;7,92;3650703;DATASUS/TABNET;Jan-Dez/2021
147;Campo Grande;MA;2021;Óbitos por Causas Externas;42753;3969359;DATASUS/TABNET;Jan-Dez/2021
148;Vitória;SC;2020;Internações SUS;5036;984521;DATASUS/TABNET;Jan-Dez/2020
149;Manaus;DF;2020;Cobertura ESF %;31,55;4556921;DATASUS/TABNET;Jan-Dez/2020
150;Uberlândia;RO;2023;Cobertura Vacinal;46,92;3389873;DATASUS/TABNET;Jan-Dez/2023
151;Campinas;ES;2021;Leitos por 1000 hab;4,17;307573;DATASUS/TABNET;Jan-Dez/2021
152;Guarulhos;TO;2023;UTIs Disponíveis;24881;1473680;DATASUS/TABNET;Jan-Dez/2023
153;Fortaleza;PR;2021;Taxa de Mortalidade Infantil;65,92;559844;DATASUS/TABNET;Jan-Dez/2021
154;Fortaleza;RN;2022;Internações SUS;2743;2188507;DATASUS/TABNET;Jan-Dez/2022
155;Vitória;RR;2020;Taxa de Mortalidade Infantil;40,96;1975558;DATASUS/TABNET;Jan-Dez/2020
156;Florianópolis;SC;2023;UTIs Disponíveis;9501;2287789;DATASUS/TABNET;Jan-Dez/2023
157;São Luís;MT;2020;Óbitos por Causas Externas;784;350009;DATASUS/TABNET;Jan-Dez/2020
158;Curitiba;PE;2019;COVID-19 - Casos Acumulados;28881;4027631;DATASUS/TABNET;Jan-Dez/2019
159;Ribeirão Preto;MA;2023;Cobertura Vacinal;83,36;2946925;DATASUS/TABNET;Jan-Dez/2023
160;Goiânia;GO;2021;Óbitos por Causas Externas;43920;3065406;DATASUS/TABNET;Jan-Dez/2021
161;Campo Grande;GO;2022;Taxa de Mortalidade Infantil;81,8;1813839;DATASUS/TABNET;Jan-Dez/2022
162;Feira de Santana;MS;2019;Cobertura ESF %;61,06;1874041;DATASUS/TABNET;Jan-Dez/2019
163;Londrina;RR;2023;Cobertura Vacinal;6,45;2738536;DATASUS/TABNET;Jan-Dez/2023
164;Maceió;RS;2023;Cobertura Vacinal;18,68;3879343;DATASUS/TABNET;Jan-Dez/2023
165;Ribeirão Preto;PE;2021;UTIs Disponíveis;48201;3287973;DATASUS/TABNET;Jan-Dez/2021
166;Aparecida de Goiânia;RJ;2022;Médicos por 1000 hab;4,46;1350264;DATASUS/TABNET;Jan-Dez/2022
167;Salvador;MA;2021;Cobertura ESF %;58,83;1164383;DATASUS/TABNET;Jan-Dez/2021
168;Joinville;AM;2021;Cobertura ESF %;68,34;2178970;DATASUS/TABNET;Jan-Dez/2021
169;Porto Velho;ES;2019;Cobertura Vacinal;85,15;4583598;DATASUS/TABNET;Jan-Dez/2019
170;Porto Velho;RR;2021;Leitos por 1000 hab;2,51;1759053;DATASUS/TABNET;Jan-Dez/2021
171;Juiz de Fora;RS;2020;Médicos por 1000 hab;3,87;4424352;DATASUS/TABNET;Jan-Dez/2020
172;Maceió;ES;2023;Cobertura Vacinal;19,04;995644;DATASUS/TABNET;Jan-Dez/2023
173;Juiz de Fora;PR;2019;COVID-19 - Casos Acumulados;10306;4802827;DATASUS/TABNET;Jan-Dez/2019
174;Campinas;CE;2023;UTIs Disponíveis;3245;4899236;DATASUS/TABNET;Jan-Dez/2023
175;Juiz de Fora;DF;2020;Leitos por 1000 hab;1,41;1031240;DATASUS/TABNET;Jan-Dez/2020
176;São Paulo;CE;2020;Leitos por 1000 hab;7,17;186545;DATASUS/TABNET;Jan-Dez/2020
177;Fortaleza;RR;2023;COVID-19 - Casos Acumulados;30242;3690408;DATASUS/TABNET;Jan-Dez/2023
178;Porto Velho;AM;2019;Taxa de Mortalidade Infantil;52,24;4731752;DATASUS/TABNET;Jan-Dez/2019
179;Joinville;RR;2022;Cobertura Vacinal;6,04;751383;DATASUS/TABNET;Jan-Dez/2022
180;João Pessoa;DF;2021;COVID-19 - Casos Acumulados;6100;2472327;DATASUS/TABNET;Jan-Dez/2021
181;Salvador;SC;2020;UTIs Disponíveis;18973;2728689;DATASUS/TABNET;Jan-Dez/2020
182;Maceió;RS;2019;Médicos por 1000 hab;4,33;447323;DATASUS/TABNET;Jan-Dez/2019
183;Joinville;GO;2022;UTIs Disponíveis;42052;1209747;DATASUS/TABNET;Jan-Dez/2022
184;Guarulhos;MT;2021;COVID-19 - Casos Acumulados;38591;2704090;DATASUS/TABNET;Jan-Dez/2021
185;Curitiba;AL;2019;Internações SUS;48069;191781;DATASUS/TABNET;Jan-Dez/2019
186;Sorocaba;TO;2022;Leitos por 1000 hab;0,53;2389982;DATASUS/TABNET;Jan-Dez/2022
187;Vitória;SC;2023;COVID-19 - Casos Acumulados;28684;675227;DATASUS/TABNET;Jan-Dez/2023
188;Vitória;AC;2019;COVID-19 - Casos Acumulados;28377;3321003;DATASUS/TABNET;Jan-Dez/2019
189;Osasco;GO;2019;Cobertura Vacinal;6,21;3346617;DATASUS/TABNET;Jan-Dez/2019
190;Cuiabá;MA;2019;Cobertura Vacinal;70,48;1935720;DATASUS/TABNET;Jan-Dez/2019
191;João Pessoa;AC;2022;UTIs Disponíveis;21239;893655;DATASUS/TABNET;Jan-Dez/2022
192;Niterói;RN;2023;Óbitos por Causas Externas;40551;3987895;DATASUS/TABNET;Jan-Dez/2023
193;Belo Horizonte;PE;2023;Taxa de Mortalidade Infantil;39,16;4761862;DATASUS/TABNET;Jan-Dez/2023
194;Guarulhos;PA;2022;UTIs Disponíveis;13268;2517937;DATASUS/TABNET;Jan-Dez/2022
195;Juiz de Fora;BA;2022;UTIs Disponíveis;47563;4810267;DATASUS/TABNET;Jan-Dez/2022
196;Aparecida de Goiânia;RN;2022;Leitos por 1000 hab;3,41;3901321;DATASUS/TABNET;Jan-Dez/2022
197;São Paulo;PE;2020;UTIs Disponíveis;28416;4731095;DATASUS/TABNET;Jan-Dez/2020
198;Juiz de Fora;PE;2023;Cobertura Vacinal;48,94;4120950;DATASUS/TABNET;Jan-Dez/2023
199;Fortaleza;MS;2019;Dengue - Casos;38765;3646651;DATASUS/TABNET;Jan-Dez/2019
200;Goiânia;MS;2022;Cobertura Vacinal;57,95;3212962;DATASUS/TABNET;Jan-Dez/2022
201;Rio de Janeiro;RR;2023;Internações SUS;8300;236872;DATASUS/TABNET;Jan-Dez/2023
202;Brasília;BA;2022;Dengue - Casos;29799;4428657;DATASUS/TABNET;Jan-Dez/2022
203;Aparecida de Goiânia;PI;2020;COVID-19 - Casos Acumulados;972;2589446;DATASUS/TABNET;Jan-Dez/2020
204;Brasília;PI;2019;Médicos por 1000 hab;3,26;1217695;DATASUS/TABNET;Jan-Dez/2019
205;Fortaleza;SE;2022;Dengue - Casos;22004;4332357;DATASUS/TABNET;Jan-Dez/2022
206;Florianópolis;AM;2022;Cobertura ESF %;47,49;806755;DATASUS/TABNET;Jan-Dez/2022
207;Manaus;PR;2021;COVID-19 - Casos Acumulados;39470;1600870;DATASUS/TABNET;Jan-Dez/2021
208;Fortaleza;AM;2023;UTIs Disponíveis;9490;2401585;DATASUS/TABNET;Jan-Dez/2023
209;Brasília;RN;2023;COVID-19 - Casos Acumulados;9038;3705272;DATASUS/TABNET;Jan-Dez/2023
210;Natal;CE;2020;Leitos por 1000 hab;5,02;4055794;DATASUS/TABNET;Jan-Dez/2020
211;Vitória;PE;2023;Cobertura Vacinal;46,78;2267392;DATASUS/TABNET;Jan-Dez/2023
212;Cuiabá;GO;2020;Cobertura Vacinal;81,57;2957587;DATASUS/TABNET;Jan-Dez/2020
213;João Pessoa;MS;2022;Taxa de Mortalidade Infantil;34,66;4292937;DATASUS/TABNET;Jan-Dez/2022
214;Manaus;AC;2023;Leitos por 1000 hab;1,45;3130035;DATASUS/TABNET;Jan-Dez/2023
215;Uberlândia;TO;2019;Médicos por 1000 hab;0,64;467593;DATASUS/TABNET;Jan-Dez/2019
216;Fortaleza;RS;2022;Internações SUS;46155;2920339;DATASUS/TABNET;Jan-Dez/2022
217;Santos;GO;2019;Cobertura ESF %;20,97;1190954;DATASUS/TABNET;Jan-Dez/2019
218;Natal;PR;2020;UTIs Disponíveis;10689;4747536;DATASUS/TABNET;Jan-Dez/2020
219;Florianópolis;SC;2021;Taxa de Mortalidade Infantil;10,43;4122457;DATASUS/TABNET;Jan-Dez/2021
220;São José dos Campos;RS;2023;Leitos por 1000 hab;1,71;2246284;DATASUS/TABNET;Jan-Dez/2023
221;Londrina;ES;2019;Leitos por 1000 hab;7,95;658073;DATASUS/TABNET;Jan-Dez/2019
222;Porto Velho;PI;2021;Taxa de Mortalidade Infantil;49,78;544235;DATASUS/TABNET;Jan-Dez/2021
223;Aracaju;PI;2019;Cobertura Vacinal;15,8;3168897;DATASUS/TABNET;Jan-Dez/2019
224;São Paulo;RN;2020;Cobertura ESF %;87,39;966097;DATASUS/TABNET;Jan-Dez/2020
225;Brasília;MT;2020;COVID-19 - Casos Acumulados;5309;415907;DATASUS/TABNET;Jan-Dez/2020
226;Cuiabá;ES;2022;Taxa de Mortalidade Infantil;81,34;1192228;DATASUS/TABNET;Jan-Dez/2022
227;Guarulhos;AL;2019;Cobertura ESF %;11,59;3658678;DATASUS/TABNET;Jan-Dez/2019
228;Maringá;MT;2019;Taxa de Mortalidade Infantil;94,0;2201054;DATASUS/TABNET;Jan-Dez/2019
229;Brasília;PE;2023;Óbitos por Causas Externas;36826;2794994;DATASUS/TABNET;Jan-Dez/2023
230;João Pessoa;ES;2020;Médicos por 1000 hab;4,41;3516209;DATASUS/TABNET;Jan-Dez/2020
231;Maringá;PI;2023;Internações SUS;27019;2940829;DATASUS/TABNET;Jan-Dez/2023
232;Manaus;RN;2021;Óbitos por Causas Externas;30957;1019446;DATASUS/TABNET;Jan-Dez/2021
233;Santos;TO;2019;Médicos por 1000 hab;6,45;4367368;DATASUS/TABNET;Jan-Dez/2019
234;Porto Alegre;PR;2020;Óbitos por Causas Externas;35295;743255;DATASUS/TABNET;Jan-Dez/2020
235;Campinas;SP;2019;Taxa de Mortalidade Infantil;28,98;430875;DATASUS/TABNET;Jan-Dez/2019
236;Porto Alegre;MS;2023;Médicos por 1000 hab;3,52;1586590;DATASUS/TABNET;Jan-Dez/2023
237;Fortaleza;PB;2021;Internações SUS;47744;3069421;DATASUS/TABNET;Jan-Dez/2021
238;Londrina;GO;2023;Internações SUS;22121;1319900;DATASUS/TABNET;Jan-Dez/2023
239;Santos;PE;2019;COVID-19 - Casos Acumulados;17901;4627411;DATASUS/TABNET;Jan-Dez/2019
240;Osasco;AL;2022;Cobertura ESF %;23,02;4646568;DATASUS/TABNET;Jan-Dez/2022
241;São Luís;RR;2021;Óbitos por Causas Externas;35526;4272656;DATASUS/TABNET;Jan-Dez/2021
242;Guarulhos;PI;2021;Leitos por 1000 hab;2,88;1961356;DATASUS/TABNET;Jan-Dez/2021
243;Porto Velho;SE;2021;COVID-19 - Casos Acumulados;9047;4581459;DATASUS/TABNET;Jan-Dez/2021
244;Salvador;MT;2021;Taxa de Mortalidade Infantil;46,43;3777339;DATASUS/TABNET;Jan-Dez/2021
245;Natal;RR;2019;COVID-19 - Casos Acumulados;23609;3816364;DATASUS/TABNET;Jan-Dez/2019
246;Vitória;MS;2019;Dengue - Casos;26032;1387611;DATASUS/TABNET;Jan-Dez/2019
247;Campinas;RJ;2020;Taxa de Mortalidade Infantil;60,25;4586912;DATASUS/TABNET;Jan-Dez/2020
248;Vitória;SP;2021;Cobertura Vacinal;8,95;2646050;DATASUS/TABNET;Jan-Dez/2021
249;Rio de Janeiro;RO;2023;Cobertura Vacinal;87,72;886594;DATASUS/TABNET;Jan-Dez/2023
250;Brasília;AM;2022;UTIs Disponíveis;25431;844860;DATASUS/TABNET;Jan-Dez/2022
251;Rio de Janeiro;BA;2021;Óbitos por Causas Externas;46157;3784484;DATASUS/TABNET;Jan-Dez/2021
252;Porto Velho;AL;2020;Leitos por 1000 hab;5,25;3456805;DATASUS/TABNET;Jan-Dez/2020
253;Cuiabá;ES;2021;Óbitos por Causas Externas;45795;747578;DATASUS/TABNET;Jan-Dez/2021
254;Goiânia;AC;2019;Leitos por 1000 hab;1,87;2681900;DATASUS/TABNET;Jan-Dez/2019
255;Aparecida de Goiânia;MS;2019;Taxa de Mortalidade Infantil;19,69;3553760;DATASUS/TABNET;Jan-Dez/2019
256;Salvador;AP;2021;Cobertura Vacinal;36,37;1585893;DATASUS/TABNET;Jan-Dez/2021
257;Aracaju;SE;2023;Óbitos por Causas Externas;28855;2900317;DATASUS/TABNET;Jan-Dez/2023
258;Belo Horizonte;PB;2021;Taxa de Mortalidade Infantil;93,9;4179818;DATASUS/TABNET;Jan-Dez/2021
259;Curitiba;SP;2022;Internações SUS;8473;3939760;DATASUS/TABNET;Jan-Dez/2022
260;Juiz de Fora;AL;2021;Médicos por 1000 hab;5,56;285303;DATASUS/TABNET;Jan-Dez/2021
261;São Luís;RO;2019;Taxa de Mortalidade Infantil;5,9;3343958;DATASUS/TABNET;Jan-Dez/2019
262;João Pessoa;RO;2023;Internações SUS;19937;152381;DATASUS/TABNET;Jan-Dez/2023
263;Campinas;RR;2023;Cobertura Vacinal;5,28;2970995;DATASUS/TABNET;Jan-Dez/2023
264;Manaus;AL;2020;COVID-19 - Casos Acumulados;2998;4298681;DATASUS/TABNET;Jan-Dez/2020
265;João Pessoa;AP;2019;UTIs Disponíveis;19663;836811;DATASUS/TABNET;Jan-Dez/2019
266;São Luís;RS;2021;Médicos por 1000 hab;5,12;1511819;DATASUS/TABNET;Jan-Dez/2021
267;Feira de Santana;MS;2021;Internações SUS;24507;4807030;DATASUS/TABNET;Jan-Dez/2021
268;Vitória;BA;2019;Dengue - Casos;25432;642753;DATASUS/TABNET;Jan-Dez/2019
269;Belo Horizonte;AL;2022;Cobertura ESF %;57,95;4895335;DATASUS/TABNET;Jan-Dez/2022
270;São Paulo;RS;2019;COVID-19 - Casos Acumulados;37443;3644293;DATASUS/TABNET;Jan-Dez/2019
271;Juiz de Fora;AL;2019;UTIs Disponíveis;25363;3734547;DATASUS/TABNET;Jan-Dez/2019
272;Joinville;GO;2019;Internações SUS;31400;4252305;DATASUS/TABNET;Jan-Dez/2019
273;Natal;RR;2020;Internações SUS;43408;1676093;DATASUS/TABNET;Jan-Dez/2020
274;Aparecida de Goiânia;MA;2021;Médicos por 1000 hab;5,74;3195464;DATASUS/TABNET;Jan-Dez/2021
275;São Luís;AC;2019;COVID-19 - Casos Acumulados;32173;3895977;DATASUS/TABNET;Jan-Dez/2019
276;Porto Velho;SP;2020;Dengue - Casos;21511;117527;DATASUS/TABNET;Jan-Dez/2020
277;Campinas;CE;2021;Taxa de Mortalidade Infantil;11,78;1832718;DATASUS/TABNET;Jan-Dez/2021
278;Porto Velho;MT;2021;Leitos por 1000 hab;7,24;1590525;DATASUS/TABNET;Jan-Dez/2021
279;João Pessoa;AM;2022;UTIs Disponíveis;16706;1591576;DATASUS/TABNET;Jan-Dez/2022
280;Maringá;AL;2020;Médicos por 1000 hab;5,77;1303691;DATASUS/TABNET;Jan-Dez/2020
281;São Luís;SE;2020;Óbitos por Causas Externas;21704;849005;DATASUS/TABNET;Jan-Dez/2020
282;Fortaleza;AC;2019;Médicos por 1000 hab;0,8;3587936;DATASUS/TABNET;Jan-Dez/2019
283;Belo Horizonte;MS;2020;Taxa de Mortalidade Infantil;64,26;4588353;DATASUS/TABNET;Jan-Dez/2020
284;Juiz de Fora;PA;2023;Óbitos por Causas Externas;15933;166974;DATASUS/TABNET;Jan-Dez/2023
285;Porto Alegre;AM;2019;COVID-19 - Casos Acumulados;25738;3775144;DATASUS/TABNET;Jan-Dez/2019
286;São Luís;SE;2020;Médicos por 1000 hab;7,46;2412147;DATASUS/TABNET;Jan-Dez/2020
287;Vitória;PB;2021;Médicos por 1000 hab;4,67;4605268;DATASUS/TABNET;Jan-Dez/2021
288;Londrina;MT;2023;Leitos por 1000 hab;1,16;3602556;DATASUS/TABNET;Jan-Dez/2023
289;Teresina;CE;2022;Taxa de Mortalidade Infantil;26,48;2065525;DATASUS/TABNET;Jan-Dez/2022
290;Santos;RO;2020;Taxa de Mortalidade Infantil;87,28;1236696;DATASUS/TABNET;Jan-Dez/2020
291;Sorocaba;MS;2021;UTIs Disponíveis;12234;702110;DATASUS/TABNET;Jan-Dez/2021
292;Campo Grande;PB;2022;Taxa de Mortalidade Infantil;69,63;1107655;DATASUS/TABNET;Jan-Dez/2022
293;São Paulo;PB;2019;Cobertura Vacinal;79,51;1409815;DATASUS/TABNET;Jan-Dez/2019
294;São Luís;RR;2023;Taxa de Mortalidade Infantil;21,83;3669257;DATASUS/TABNET;Jan-Dez/2023
295;Belém;AM;2023;Leitos por 1000 hab;1,01;4449262;DATASUS/TABNET;Jan-Dez/2023
296;Recife;PE;2023;Cobertura ESF %;72,22;3120583;DATASUS/TABNET;Jan-Dez/2023
297;Aparecida de Goiânia;AM;2022;Cobertura Vacinal;76,87;4270584;DATASUS/TABNET;Jan-Dez/2022
298;Osasco;DF;2023;Dengue - Casos;21788;4665731;DATASUS/TABNET;Jan-Dez/2023
299;Juiz de Fora;AP;2023;Dengue - Casos;37298;3940216;DATASUS/TABNET;Jan-Dez/2023
300;Joinville;CE;2019;COVID-19 - Casos Acumulados;36448;4384930;DATASUS/TABNET;Jan-Dez/2019
301;Belo Horizonte;RR;2019;Dengue - Casos;15498;4066047;DATASUS/TABNET;Jan-Dez/2019
302;Feira de Santana;SP;2023;Internações SUS;4411;4642669;DATASUS/TABNET;Jan-Dez/2023
303;Porto Velho;RN;2020;UTIs Disponíveis;38144;4073108;DATASUS/TABNET;Jan-Dez/2020
304;Goiânia;SE;2023;Óbitos por Causas Externas;21748;2658787;DATASUS/TABNET;Jan-Dez/2023
305;Salvador;RO;2019;UTIs Disponíveis;9060;1460304;DATASUS/TABNET;Jan-Dez/2019
306;Joinville;CE;2019;Taxa de Mortalidade Infantil;21,52;1843077;DATASUS/TABNET;Jan-Dez/2019
307;João Pessoa;PI;2020;Internações SUS;8875;1354320;DATASUS/TABNET;Jan-Dez/2020
308;Salvador;GO;2019;Óbitos por Causas Externas;18277;4137556;DATASUS/TABNET;Jan-Dez/2019
309;Natal;RS;2020;Leitos por 1000 hab;7,43;4453185;DATASUS/TABNET;Jan-Dez/2020
310;Recife;AP;2022;Dengue - Casos;37842;1696541;DATASUS/TABNET;Jan-Dez/2022
311;São Paulo;RO;2020;Taxa de Mortalidade Infantil;16,87;1793636;DATASUS/TABNET;Jan-Dez/2020
312;Salvador;GO;2020;Internações SUS;8608;1145422;DATASUS/TABNET;Jan-Dez/2020
313;Londrina;PR;2021;Leitos por 1000 hab;5,72;916001;DATASUS/TABNET;Jan-Dez/2021
314;Maceió;MS;2020;Taxa de Mortalidade Infantil;88,56;1145911;DATASUS/TABNET;Jan-Dez/2020
315;Ribeirão Preto;AP;2022;Dengue - Casos;3092;3465488;DATASUS/TABNET;Jan-Dez/2022
316;Campo Grande;MG;2020;Taxa de Mortalidade Infantil;68,44;531851;DATASUS/TABNET;Jan-Dez/2020
317;Aracaju;RR;2023;Internações SUS;28843;3882906;DATASUS/TABNET;Jan-Dez/2023
318;Sorocaba;MS;2022;Médicos por 1000 hab;1,22;4556939;DATASUS/TABNET;Jan-Dez/2022
319;São Luís;BA;2019;Taxa de Mortalidade Infantil;65,61;802112;DATASUS/TABNET;Jan-Dez/2019
320;Santos;RO;2019;Cobertura ESF %;32,76;392898;DATASUS/TABNET;Jan-Dez/2019
321;Belém;RJ;2023;Internações SUS;7830;294709;DATASUS/TABNET;Jan-Dez/2023
322;Campo Grande;ES;2023;Óbitos por Causas Externas;4393;3297224;DATASUS/TABNET;Jan-Dez/2023
323;Niterói;CE;2020;Médicos por 1000 hab;1,11;1753089;DATASUS/TABNET;Jan-Dez/2020
324;Recife;PA;2022;Taxa de Mortalidade Infantil;51,6;3127717;DATASUS/TABNET;Jan-Dez/2022
325;Niterói;PI;2021;COVID-19 - Casos Acumulados;25782;3912992;DATASUS/TABNET;Jan-Dez/2021
326;Belo Horizonte;MG;2020;COVID-19 - Casos Acumulados;10035;755588;DATASUS/TABNET;Jan-Dez/2020
327;Aparecida de Goiânia;PE;2022;Dengue - Casos;23712;557045;DATASUS/TABNET;Jan-Dez/2022
328;Teresina;RJ;2021;Óbitos por Causas Externas;19703;353480;DATASUS/TABNET;Jan-Dez/2021
329;Londrina;PA;2022;Internações SUS;44892;2618336;DATASUS/TABNET;Jan-Dez/2022
330;Guarulhos;RR;2020;Médicos por 1000 hab;3,63;121606;DATASUS/TABNET;Jan-Dez/2020
331;Teresina;RS;2023;COVID-19 - Casos Acumulados;10972;3855201;DATASUS/TABNET;Jan-Dez/2023
332;Guarulhos;BA;2020;COVID-19 - Casos Acumulados;8837;3689312;DATASUS/TABNET;Jan-Dez/2020
333;Recife;AP;2021;Leitos por 1000 hab;2,42;3497178;DATASUS/TABNET;Jan-Dez/2021
334;Manaus;TO;2021;UTIs Disponíveis;45585;2739064;DATASUS/TABNET;Jan-Dez/2021
335;Natal;RO;2020;Cobertura Vacinal;68,16;4355353;DATASUS/TABNET;Jan-Dez/2020
336;Belo Horizonte;PI;2022;Médicos por 1000 hab;7,63;872805;DATASUS/TABNET;Jan-Dez/2022
337;Santos;BA;2020;Óbitos por Causas Externas;46620;759973;DATASUS/TABNET;Jan-Dez/2020
338;Aparecida de Goiânia;RO;2022;Óbitos por Causas Externas;14467;1736220;DATASUS/TABNET;Jan-Dez/2022
339;Juiz de Fora;MT;2020;Leitos por 1000 hab;5,9;2413351;DATASUS/TABNET;Jan-Dez/2020
340;Sorocaba;CE;2021;Taxa de Mortalidade Infantil;38,91;2028455;DATASUS/TABNET;Jan-Dez/2021
341;São Luís;ES;2021;Internações SUS;2286;2070695;DATASUS/TABNET;Jan-Dez/2021
342;Fortaleza;AP;2021;UTIs Disponíveis;32745;3452988;DATASUS/TABNET;Jan-Dez/2021
343;Rio de Janeiro;MS;2021;Dengue - Casos;30609;3324948;DATASUS/TABNET;Jan-Dez/2021
344;Aparecida de Goiânia;RO;2021;Cobertura ESF %;35,77;3854497;DATASUS/TABNET;Jan-Dez/2021
345;Niterói;RJ;2021;Dengue - Casos;13075;3074031;DATASUS/TABNET;Jan-Dez/2021
346;Maceió;PA;2021;Médicos por 1000 hab;4,04;2322092;DATASUS/TABNET;Jan-Dez/2021
347;Niterói;MG;2023;UTIs Disponíveis;25064;583365;DATASUS/TABNET;Jan-Dez/2023
348;Osasco;DF;2021;Leitos por 1000 hab;1,09;2929453;DATASUS/TABNET;Jan-Dez/2021
349;João Pessoa;MS;2019;UTIs Disponíveis;45737;116432;DATASUS/TABNET;Jan-Dez/2019
350;Aparecida de Goiânia;MT;2023;Óbitos por Causas Externas;33305;784324;DATASUS/TABNET;Jan-Dez/2023
351;Vitória;CE;2022;Médicos por 1000 hab;1,57;3163983;DATASUS/TABNET;Jan-Dez/2022
352;Aparecida de Goiânia;MG;2022;Óbitos por Causas Externas;29283;1574410;DATASUS/TABNET;Jan-Dez/2022
353;Recife;ES;2019;Cobertura ESF %;85,92;2366798;DATASUS/TABNET;Jan-Dez/2019
354;Manaus;ES;2021;Médicos por 1000 hab;7,9;2278811;DATASUS/TABNET;Jan-Dez/2021
355;Goiânia;MG;2019;Óbitos por Causas Externas;3459;2271067;DATASUS/TABNET;Jan-Dez/2019
356;Feira de Santana;RJ;2020;Internações SUS;10326;3535098;DATASUS/TABNET;Jan-Dez/2020
357;Recife;MA;2021;Óbitos por Causas Externas;14001;518390;DATASUS/TABNET;Jan-Dez/2021
358;Londrina;RJ;2022;Internações SUS;43118;3891124;DATASUS/TABNET;Jan-Dez/2022
359;São Luís;AM;2019;Taxa de Mortalidade Infantil;54,68;1073258;DATASUS/TABNET;Jan-Dez/2019
360;Uberlândia;PE;2021;Leitos por 1000 hab;1,57;1058707;DATASUS/TABNET;Jan-Dez/2021
361;Brasília;MS;2023;Cobertura ESF %;13,59;4722298;DATASUS/TABNET;Jan-Dez/2023
362;Natal;MT;2020;Internações SUS;23783;2393442;DATASUS/TABNET;Jan-Dez/2020
363;Goiânia;PA;2023;Cobertura ESF %;29,16;4227990;DATASUS/TABNET;Jan-Dez/2023
364;Salvador;AM;2022;Internações SUS;42137;1422381;DATASUS/TABNET;Jan-Dez/2022
365;Rio de Janeiro;RR;2023;COVID-19 - Casos Acumulados;22386;1288057;DATASUS/TABNET;Jan-Dez/2023
366;São Luís;PB;2022;Cobertura ESF %;17,28;3656889;DATASUS/TABNET;Jan-Dez/2022
367;Niterói;RO;2021;COVID-19 - Casos Acumulados;12350;1685604;DATASUS/TABNET;Jan-Dez/2021
368;Sorocaba;AC;2019;Óbitos por Causas Externas;4069;441255;DATASUS/TABNET;Jan-Dez/2019
369;Aracaju;TO;2020;Cobertura ESF %;91,72;577490;DATASUS/TABNET;Jan-Dez/2020
370;Rio de Janeiro;MS;2021;UTIs Disponíveis;43151;432774;DATASUS/TABNET;Jan-Dez/2021
371;Belo Horizonte;AC;2020;Cobertura ESF %;84,64;1544693;DATASUS/TABNET;Jan-Dez/2020
372;Manaus;AP;2021;Leitos por 1000 hab;2,9;1684667;DATASUS/TABNET;Jan-Dez/2021
373;Recife;PA;2019;Médicos por 1000 hab;2,76;4862244;DATASUS/TABNET;Jan-Dez/2019
374;Recife;SP;2020;COVID-19 - Casos Acumulados;34684;778505;DATASUS/TABNET;Jan-Dez/2020
375;Uberlândia;CE;2019;Internações SUS;7980;1711914;DATASUS/TABNET;Jan-Dez/2019
376;Porto Velho;RN;2021;Dengue - Casos;46487;1343311;DATASUS/TABNET;Jan-Dez/2021
377;São José dos Campos;SP;2022;Leitos por 1000 hab;7,3;274722;DATASUS/TABNET;Jan-Dez/2022
378;Goiânia;RJ;2022;Internações SUS;22552;1122236;DATASUS/TABNET;Jan-Dez/2022
379;Cuiabá;RN;2021;Internações SUS;15386;1294522;DATASUS/TABNET;Jan-Dez/2021
380;Belém;BA;2022;Internações SUS;45840;1644708;DATASUS/TABNET;Jan-Dez/2022
381;São José dos Campos;RN;2023;Leitos por 1000 hab;0,51;3100018;DATASUS/TABNET;Jan-Dez/2023
382;Joinville;RR;2020;Dengue - Casos;14788;1133830;DATASUS/TABNET;Jan-Dez/2020
383;São Luís;PA;2022;Cobertura Vacinal;52,18;341574;DATASUS/TABNET;Jan-Dez/2022
384;Joinville;MG;2019;Taxa de Mortalidade Infantil;56,26;3901333;DATASUS/TABNET;Jan-Dez/2019
385;Belo Horizonte;PE;2020;COVID-19 - Casos Acumulados;39799;4226135;DATASUS/TABNET;Jan-Dez/2020
386;Recife;SP;2023;Leitos por 1000 hab;6,72;1726910;DATASUS/TABNET;Jan-Dez/2023
387;Porto Velho;AL;2019;Taxa de Mortalidade Infantil;50,7;1358378;DATASUS/TABNET;Jan-Dez/2019
388;Niterói;AM;2021;UTIs Disponíveis;14576;4733157;DATASUS/TABNET;Jan-Dez/2021
389;Juiz de Fora;RS;2020;Cobertura Vacinal;94,62;4185542;DATASUS/TABNET;Jan-Dez/2020
390;Osasco;RR;2021;UTIs Disponíveis;16936;3426726;DATASUS/TABNET;Jan-Dez/2021
391;Joinville;DF;2021;Cobertura ESF %;75,1;1149110;DATASUS/TABNET;Jan-Dez/2021
392;Porto Alegre;DF;2020;Leitos por 1000 hab;1,56;1403802;DATASUS/TABNET;Jan-Dez/2020
393;Ribeirão Preto;AC;2019;Médicos por 1000 hab;2,69;1341582;DATASUS/TABNET;Jan-Dez/2019
394;Aracaju;PI;2023;Leitos por 1000 hab;5,88;1594614;DATASUS/TABNET;Jan-Dez/2023
395;Goiânia;SC;2021;COVID-19 - Casos Acumulados;3756;3212731;DATASUS/TABNET;Jan-Dez/2021
396;Goiânia;TO;2023;Dengue - Casos;13842;3167128;DATASUS/TABNET;Jan-Dez/2023
397;Salvador;MG;2020;Cobertura ESF %;85,4;2102206;DATASUS/TABNET;Jan-Dez/2020
398;Fortaleza;RS;2019;UTIs Disponíveis;3642;2327977;DATASUS/TABNET;Jan-Dez/2019
399;Niterói;RO;2022;Óbitos por Causas Externas;6861;2032351;DATASUS/TABNET;Jan-Dez/2022
400;São Paulo;PR;2021;Internações SUS;36637;2607606;DATASUS/TABNET;Jan-Dez/2021
401;Recife;RS;2023;Dengue - Casos;9741;163682;DATASUS/TABNET;Jan-Dez/2023
402;Fortaleza;ES;2022;Leitos por 1000 hab;3,51;530935;DATASUS/TABNET;Jan-Dez/2022
403;Ribeirão Preto;SE;2021;COVID-19 - Casos Acumulados;15033;4839144;DATASUS/TABNET;Jan-Dez/2021
404;Joinville;RO;2021;COVID-19 - Casos Acumulados;4155;2682604;DATASUS/TABNET;Jan-Dez/2021
405;Natal;SE;2022;Taxa de Mortalidade Infantil;38,62;2159123;DATASUS/TABNET;Jan-Dez/2022
406;Aparecida de Goiânia;AP;2020;Cobertura Vacinal;39,25;3641322;DATASUS/TABNET;Jan-Dez/2020
407;Natal;AP;2019;Médicos por 1000 hab;6,25;2920757;DATASUS/TABNET;Jan-Dez/2019
408;Vitória;PA;2021;Taxa de Mortalidade Infantil;57,97;816081;DATASUS/TABNET;Jan-Dez/2021
409;Aparecida de Goiânia;SC;2022;Médicos por 1000 hab;7,89;2743083;DATASUS/TABNET;Jan-Dez/2022
410;Londrina;PI;2022;Dengue - Casos;12125;554978;DATASUS/TABNET;Jan-Dez/2022
411;Joinville;SE;2019;Leitos por 1000 hab;0,64;1465386;DATASUS/TABNET;Jan-Dez/2019
412;Osasco;CE;2019;Cobertura Vacinal;62,92;4211843;DATASUS/TABNET;Jan-Dez/2019
413;Curitiba;BA;2019;Leitos por 1000 hab;2,81;1742698;DATASUS/TABNET;Jan-Dez/2019
414;Aparecida de Goiânia;ES;2022;Médicos por 1000 hab;3,53;4512574;DATASUS/TABNET;Jan-Dez/2022
415;Aparecida de Goiânia;RS;2022;COVID-19 - Casos Acumulados;2391;4801263;DATASUS/TABNET;Jan-Dez/2022
416;São José dos Campos;PR;2020;Cobertura Vacinal;20,34;4165027;DATASUS/TABNET;Jan-Dez/2020
417;Joinville;ES;2019;Médicos por 1000 hab;7,89;1605032;DATASUS/TABNET;Jan-Dez/2019
418;Manaus;PB;2022;Taxa de Mortalidade Infantil;47,82;2894735;DATASUS/TABNET;Jan-Dez/2022
419;Aparecida de Goiânia;PE;2023;Médicos por 1000 hab;4,06;4619246;DATASUS/TABNET;Jan-Dez/2023
420;Santos;MS;2020;Internações SUS;41360;4845480;DATASUS/TABNET;Jan-Dez/2020
421;Teresina;DF;2019;Médicos por 1000 hab;1,19;3256388;DATASUS/TABNET;Jan-Dez/2019
422;Vitória;MA;2020;Taxa de Mortalidade Infantil;93,7;4900447;DATASUS/TABNET;Jan-Dez/2020
423;Vitória;CE;2020;Cobertura Vacinal;18,46;1379926;DATASUS/TABNET;Jan-Dez/2020
424;Recife;RJ;2019;Dengue - Casos;1551;2978508;DATASUS/TABNET;Jan-Dez/2019
425;Uberlândia;SE;2022;Óbitos por Causas Externas;18542;4773124;DATASUS/TABNET;Jan-Dez/2022
426;Sorocaba;SE;2021;Cobertura ESF %;5,64;468941;DATASUS/TABNET;Jan-Dez/2021
427;São Paulo;BA;2022;UTIs Disponíveis;30436;3368895;DATASUS/TABNET;Jan-Dez/2022
428;Teresina;MA;2023;COVID-19 - Casos Acumulados;32542;3413107;DATASUS/TABNET;Jan-Dez/2023
429;Teresina;RJ;2022;Médicos por 1000 hab;3,88;2646353;DATASUS/TABNET;Jan-Dez/2022
430;Brasília;PA;2020;COVID-19 - Casos Acumulados;22787;3628835;DATASUS/TABNET;Jan-Dez/2020
431;Belo Horizonte;GO;2021;Taxa de Mortalidade Infantil;7,14;2099034;DATASUS/TABNET;Jan-Dez/2021
432;Aracaju;MT;2020;Cobertura ESF %;23,52;4989743;DATASUS/TABNET;Jan-Dez/2020
433;Porto Velho;GO;2023;COVID-19 - Casos Acumulados;40410;1614236;DATASUS/TABNET;Jan-Dez/2023
434;Sorocaba;PB;2019;Cobertura Vacinal;87,09;4793192;DATASUS/TABNET;Jan-Dez/2019
435;Aracaju;BA;2023;COVID-19 - Casos Acumulados;14607;2743550;DATASUS/TABNET;Jan-Dez/2023
436;Campinas;AL;2021;Médicos por 1000 hab;3,99;116748;DATASUS/TABNET;Jan-Dez/2021
437;Goiânia;MS;2021;Cobertura Vacinal;20,02;1401423;DATASUS/TABNET;Jan-Dez/2021
438;Sorocaba;PA;2020;COVID-19 - Casos Acumulados;19651;2019399;DATASUS/TABNET;Jan-Dez/2020
439;Brasília;MT;2023;Óbitos por Causas Externas;34384;4744190;DATASUS/TABNET;Jan-Dez/2023
440;Aparecida de Goiânia;SP;2021;Médicos por 1000 hab;3,45;2413011;DATASUS/TABNET;Jan-Dez/2021
441;Santos;RO;2022;Internações SUS;19574;2821659;DATASUS/TABNET;Jan-Dez/2022
442;Campo Grande;MA;2020;Óbitos por Causas Externas;46477;2209209;DATASUS/TABNET;Jan-Dez/2020
443;Fortaleza;SE;2021;Médicos por 1000 hab;1,41;4826351;DATASUS/TABNET;Jan-Dez/2021
444;Maringá;ES;2023;Internações SUS;46257;2218276;DATASUS/TABNET;Jan-Dez/2023
445;Natal;RJ;2022;Óbitos por Causas Externas;14848;4872777;DATASUS/TABNET;Jan-Dez/2022
446;Natal;PA;2021;Taxa de Mortalidade Infantil;53,9;4759005;DATASUS/TABNET;Jan-Dez/2021
447;Belém;BA;2020;Taxa de Mortalidade Infantil;60,18;4248534;DATASUS/TABNET;Jan-Dez/2020
448;Santos;BA;2023;Cobertura ESF %;72,29;1883131;DATASUS/TABNET;Jan-Dez/2023
449;Aparecida de Goiânia;RO;2023;UTIs Disponíveis;38193;2311641;DATASUS/TABNET;Jan-Dez/2023
450;Curitiba;ES;2020;Cobertura Vacinal;94,96;4839953;DATASUS/TABNET;Jan-Dez/2020
451;Londrina;BA;2019;Leitos por 1000 hab;1,36;4065938;DATASUS/TABNET;Jan-Dez/2019
452;Belo Horizonte;PR;2021;Óbitos por Causas Externas;33995;2967118;DATASUS/TABNET;Jan-Dez/2021
453;Guarulhos;MA;2022;Dengue - Casos;22074;4014604;DATASUS/TABNET;Jan-Dez/2022
454;Maringá;BA;2020;Taxa de Mortalidade Infantil;27,73;409961;DATASUS/TABNET;Jan-Dez/2020
455;Teresina;GO;2023;COVID-19 - Casos Acumulados;19958;3250266;DATASUS/TABNET;Jan-Dez/2023
456;Fortaleza;BA;2023;Internações SUS;37140;508082;DATASUS/TABNET;Jan-Dez/2023
457;Rio de Janeiro;BA;2021;Cobertura Vacinal;17,68;1013001;DATASUS/TABNET;Jan-Dez/2021
458;Campinas;SC;2022;Dengue - Casos;25797;3038349;DATASUS/TABNET;Jan-Dez/2022
459;São José dos Campos;RR;2023;COVID-19 - Casos Acumulados;12482;2824677;DATASUS/TABNET;Jan-Dez/2023
460;Maringá;MT;2022;Taxa de Mortalidade Infantil;56,65;3659149;DATASUS/TABNET;Jan-Dez/2022
461;Brasília;RJ;2023;Internações SUS;4517;2240193;DATASUS/TABNET;Jan-Dez/2023
462;Cuiabá;PI;2021;Internações SUS;17008;2795222;DATASUS/TABNET;Jan-Dez/2021
463;Niterói;MG;2020;Cobertura Vacinal;11,74;4596959;DATASUS/TABNET;Jan-Dez/2020
464;Juiz de Fora;MS;2019;Internações SUS;19449;1589873;DATASUS/TABNET;Jan-Dez/2019
465;Guarulhos;TO;2022;Leitos por 1000 hab;7,5;1188601;DATASUS/TABNET;Jan-Dez/2022
466;Belo Horizonte;ES;2020;Óbitos por Causas Externas;29993;2505807;DATASUS/TABNET;Jan-Dez/2020
467;Goiânia;GO;2022;Internações SUS;43003;954136;DATASUS/TABNET;Jan-Dez/2022
468;Rio de Janeiro;MA;2020;Cobertura ESF %;71,42;3537020;DATASUS/TABNET;Jan-Dez/2020
469;Ribeirão Preto;SC;2022;UTIs Disponíveis;1846;324051;DATASUS/TABNET;Jan-Dez/2022
470;Juiz de Fora;SE;2021;Leitos por 1000 hab;4,77;2403673;DATASUS/TABNET;Jan-Dez/2021
471;Porto Velho;SP;2023;Taxa de Mortalidade Infantil;19,23;802211;DATASUS/TABNET;Jan-Dez/2023
472;Uberlândia;PB;2021;Cobertura Vacinal;48,32;1629773;DATASUS/TABNET;Jan-Dez/2021
473;Belo Horizonte;MA;2020;Dengue - Casos;3840;1351624;DATASUS/TABNET;Jan-Dez/2020
474;São Luís;PI;2021;Taxa de Mortalidade Infantil;20,19;4739941;DATASUS/TABNET;Jan-Dez/2021
475;Natal;PA;2022;Dengue - Casos;11883;3811918;DATASUS/TABNET;Jan-Dez/2022
476;Vitória;SC;2020;Internações SUS;13185;1169682;DATASUS/TABNET;Jan-Dez/2020
477;São José dos Campos;BA;2023;Internações SUS;620;1193301;DATASUS/TABNET;Jan-Dez/2023
478;Rio de Janeiro;BA;2021;COVID-19 - Casos Acumulados;37602;954351;DATASUS/TABNET;Jan-Dez/2021
479;Campinas;DF;2019;Internações SUS;1449;1890960;DATASUS/TABNET;Jan-Dez/2019
480;Guarulhos;GO;2022;Cobertura ESF %;46,01;1080588;DATASUS/TABNET;Jan-Dez/2022
481;Osasco;SE;2022;Dengue - Casos;711;3720348;DATASUS/TABNET;Jan-Dez/2022
482;Osasco;BA;2022;Médicos por 1000 hab;5,07;2693994;DATASUS/TABNET;Jan-Dez/2022
483;Maceió;SC;2019;Leitos por 1000 hab;2,58;3155421;DATASUS/TABNET;Jan-Dez/2019
484;Campinas;AL;2019;Leitos por 1000 hab;7,33;4929831;DATASUS/TABNET;Jan-Dez/2019
485;Juiz de Fora;SP;2021;Cobertura ESF %;20,87;293633;DATASUS/TABNET;Jan-Dez/2021
486;Campinas;GO;2020;Taxa de Mortalidade Infantil;16,82;2533070;DATASUS/TABNET;Jan-Dez/2020
487;Sorocaba;AP;2023;Taxa de Mortalidade Infantil;13,45;1417714;DATASUS/TABNET;Jan-Dez/2023
488;Belém;RO;2020;Óbitos por Causas Externas;3425;3181466;DATASUS/TABNET;Jan-Dez/2020
489;Salvador;PB;2022;Óbitos por Causas Externas;43300;4634076;DATASUS/TABNET;Jan-Dez/2022
490;Sorocaba;SC;2019;Cobertura ESF %;64,72;4203973;DATASUS/TABNET;Jan-Dez/2019
491;Florianópolis;TO;2021;COVID-19 - Casos Acumulados;6948;1584081;DATASUS/TABNET;Jan-Dez/2021
492;Campo Grande;AL;2022;Dengue - Casos;41941;4593471;DATASUS/TABNET;Jan-Dez/2022
493;São Luís;PI;2022;Leitos por 1000 hab;6,41;3985607;DATASUS/TABNET;Jan-Dez/2022
494;Porto Alegre;MT;2023;Cobertura Vacinal;21,73;2706318;DATASUS/TABNET;Jan-Dez/2023
495;Belo Horizonte;SE;2023;Dengue - Casos;25259;3356813;DATASUS/TABNET;Jan-Dez/2023
496;Feira de Santana;MA;2021;UTIs Disponíveis;47504;1286756;DATASUS/TABNET;Jan-Dez/2021
497;Maceió;PR;2020;Internações SUS;29590;4860056;DATASUS/TABNET;Jan-Dez/2020
498;Fortaleza;SE;2020;Cobertura Vacinal;17,09;771023;DATASUS/TABNET;Jan-Dez/2020
499;Salvador;AM;2023;Cobertura ESF %;94,84;402016;DATASUS/TABNET;Jan-Dez/2023
500;Maceió;RR;2021;UTIs Disponíveis;27268;469402;DATASUS/TABNET;Jan-Dez/2021
